Brand Name,Model,Product Price,Details
blonde gone rogue,SURPLICE  - Top,78.00,"100% polyester, Machine wash at 30°C, B2R21D00L-Q11"
Tommy Hilfiger Curve,REGULAR TEE - Print T-shirt,39.99,"100% cotton, Jersey, Crew neck"
Tommy Jeans,HORIZONTAL STRIPE TEE - Print T-shirt,26.24,"100% cotton, Jersey, Crew neck"
Mango,OPENWORK  - Top,29.99,"100% cotton, Do not tumble dry, machine wash at 30°C"
Even&Odd,Basic T-shirt,7.99,"95% cotton, 5% elastane, Jersey, Standing collar"
-,-,-,-
Anna Field,2 PACK - Top,10.39,"95% cotton, 5% elastane, Jersey, Low-cut v-neck"
Tommy Jeans,SHORTSLEEVE STRETCH TEE - Basic T-shirt,26.99,"95% cotton, 5% elastane, Jersey, Low-cut v-neck"
Tommy Hilfiger,Print T-shirt,26.24,"100% cotton, Jersey, Crew neck"
Even&Odd,BODYSUIT - Long sleeved top,15.99,"95% cotton, 5% elastane, Jersey, Off-the-shoulder"
Anna Field,Basic T-shirt,10.39,"95% viscose, 5% elastane, Jersey, Low-cut v-neck"
Anna Field,Top,8.09,"95% cotton, 5% elastane, Jersey, Square neck"
-,-,-,-
Even&Odd,Print T-shirt,7.79,"100% cotton, Jersey, Crew neck"
Even&Odd,Print T-shirt,7.79,"100% cotton, Jersey, Crew neck"
Even&Odd,2 PACK - Top,13.19,"95% cotton, 5% elastane, 90% polyimide, 10% elastane, Do not tumble dry, machine wash at 30°C, Machine wash on gentle cycle"
Levi's®,PERFECT TEE - Basic T-shirt,13.99,"100% cotton, Jersey, Crew neck"
Zign,RACER NECK - Top,10.99,"95% cotton, 5% elastane, Rib, Crew neck"
Anna Field,Print T-shirt,8.99,"95% cotton, 5% elastane, Jersey, Crew neck"
Anna Field,Top,15.29,"94% viscose, 6% elastane, 100% polyester, Jersey, chiffon"
Zign,Top,6.59,"95% viscose, 5% elastane, Jersey, Low-cut v-neck"
Zign,Basic T-shirt,8.24,"100% cotton, Jersey, Crew neck"
Guess,REBECCA TEE - Print T-shirt,32.99,"95% cotton, 5% elastane, Jersey, Crew neck"
-,-,-,-
Even&Odd,BODYSUIT - Long sleeved top,15.99,"95% cotton, 5% elastane, 95% polyester, 5% elastane, Do not tumble dry, machine wash at 30°C, Machine wash on gentle cycle"
Levi's®,Print T-shirt,13.19,"100% cotton, Jersey, Crew neck"
Anna Field,Basic T-shirt,14.99,"50% cotton, 50% modal, Jersey, Crew neck"
Dorothy Perkins,BILLIE AND BLOSSOM DOBBY TWIST NECK - Long sleeved top,31.99,"100% polyester, 100% polyester, Standing collar"
Anna Field,Basic T-shirt,9.99,"100% cotton, Jersey, Low-cut v-neck"
Anna Field,HATTIE - Print T-shirt,7.79,"100% cotton, Jersey, Crew neck"
Even&Odd,2 PACK - Basic T-shirt,9.59,"95% cotton, 5% viscose, Jersey, Marl"
Zign,RACER NECK - Top,10.99,"95% cotton, 5% elastane, Rib, Crew neck"
Nike Sportswear,TEE MOCK LOVE - Long sleeved top,15.59,"100% cotton, Jersey, Standing collar"
Massimo Dutti,Print T-shirt,39.95,"100% cotton, Rib, Do not tumble dry"
TOM TAILOR DENIM,Basic T-shirt,13.99,"100% cotton, Jersey, V-neck"
Anna Field Curvy,Print T-shirt,11.19,"95% viscose, 5% elastane, Jersey, Cowl neck"
Anna Field,Basic T-shirt,9.99,"50% cotton, 50% modal, Jersey, Low-cut v-neck"
Levi's®,PERFECT V NECK - Print T-shirt,19.99,"100% cotton, Jersey, Low-cut v-neck"
Anna Field,2 PACK - Long sleeved top,15.99,"95% cotton, 5% elastane, Jersey, Crew neck"
Opus,SANIKA - Basic T-shirt,15.99,"94% cotton, 6% elastane, Jersey, Crew neck"
Massimo Dutti,Blouse,39.95,"100% cotton, Rib, Plain"
Tommy Hilfiger Curve,REGULAR TEE - Print T-shirt,34.99,"100% cotton, Jersey, Crew neck"
Anna Field,MODERN TEE - Basic T-shirt,9.99,"100% cotton, Jersey, Crew neck"
Even&Odd,Print T-shirt,14.99,"100% cotton, Jersey, Crew neck"
Anna Field,Long sleeved top,8.99,"95% viscose, 5% elastane, Jersey, Mandarin collar"
Calvin Klein Jeans,MONOGRAM TEE - Print T-shirt,29.99,"100% cotton, Jersey, Crew neck"
Anna Field,Long sleeved top,14.99,"95% cotton, 5% elastane, Rib, Cache-coeur"
Anna Field,Long sleeved top,9.99,"95% cotton, 5% elastane, Jersey, Crew neck"
Anna Field,Top,12.99,"95% cotton, 5% elastane, Jersey, Low-cut v-neck"
Even&Odd,Print T-shirt,10.99,"100% cotton, Jersey, Crew neck"
Anna Field,Long sleeved top,9.59,"95% viscose, 5% elastane, Jersey, Mandarin collar"
Anna Field,Long sleeved top,9.09,"95% cotton, 5% elastane, Rib, Crew neck"
Even&Odd,Print T-shirt,7.79,"100% cotton, Jersey, Crew neck"
Even&Odd,3 PACK - Long sleeved top,15.59,"95% cotton, 5% elastane, Rib, Low-cut v-neck"
Guess,MINI TRIANGLE - Print T-shirt,19.49,"95% cotton, 5% elastane, Jersey, V-neck"
Morgan,DAYANA - Print T-shirt,14.39,"96% viscose, 4% elastane, 100% polyamide, Do not tumble dry, machine wash at 30°C, Do not bleach"
Tommy Hilfiger,REGULAR CLASSIC - Long sleeved top,31.49,"100% cotton, Jersey, Low-cut v-neck"
Tommy Hilfiger,HERITAGE CREW NECK GRAPHIC TEE - Print T-shirt,rom £22.49,"100% cotton, Jersey, Crew neck"
Carin Wester,BLOUSE BABE - Long sleeved top,34.99,"80% viscose, 20% nylon, Yes, Mandarin collar"
Calvin Klein Jeans,LOGO SLIM FIT TEE - Print T-shirt,22.49,"100% cotton, Jersey, Crew neck"
Even&Odd,Print T-shirt,12.99,"100% cotton, Jersey, Crew neck"
Edwin,FROM FUJI UNISEX - Print T-shirt,17.99,"100% cotton, Jersey, Crew neck"
Anna Field,Basic T-shirt,8.99,"90% polyester, 8% viscose, 2% elastane, Rib, Crew neck"
Anna Field,Top,13.59,"81% viscose, 19% polyamide, Rib, Scoop neck"
Zign,Top,17.99,"81% viscose, 19% polyamide, Rib, Crew neck"
Tommy Hilfiger,TH ESSENTIAL POLO  - Polo shirt,37.49,"96% cotton, 4% elastane, Piqué, Polo shirt"
Soyaconcept,SC-THILDE - Blouse,23.99,"100% polyester, 95% viscose, 5% elastane, Do not tumble dry, machine wash at 30°C, A shrinkage of up to 5% may occur"
Hollister Co.,3 PACK - Print T-shirt,38.99,"100% cotton, Jersey, Low-cut v-neck"
Tommy Jeans,TIMELESS TEE UNISEX - Print T-shirt,25.99,"100% cotton, Jersey, Crew neck"
Guess,ROLL CUFF - Print T-shirt,31.99,"100% cotton, GU121E0HJ-A11"
adidas Originals,T-SHIRT - Print T-shirt,rom £19.49,"92% cotton, 8% elastane, AD121D0VE-A11"
Tommy Hilfiger,CREW NECK GRAPHIC TEE - Print T-shirt,26.99,"100% cotton, Jersey, Crew neck"
Even&Odd,Top,12.99,"60% viscose, 34% polyester, 6% elastane, Jersey, Square neck"
Anna Field,Print T-shirt,7.79,"95% cotton, 5% elastane, Jersey, Crew neck"
Tommy Hilfiger,Print T-shirt,24.49,"100% cotton, Jersey, Crew neck"
Zign,Top,7.79,"95% cotton, 5% elastane, Rib, Low-cut v-neck"
Anna Field,Print T-shirt,14.99,"95% cotton, 5% elastane, Jersey, Crew neck"
Anna Field,Basic T-shirt,12.99,"100% cotton, Jersey, Crew neck"
Soyaconcept,SC-THILDE - Blouse,23.99,"100% polyester, 95% viscose, 5% elastane, Do not tumble dry, machine wash at 30°C"
adidas Originals,Print T-shirt,rom £20.79,"100% cotton, AD121D0VF-T11"
Zign,Basic T-shirt,6.59,"100% cotton, Jersey, Crew neck"
Nike Sportswear,AIR  - Print T-shirt,20.79,"100% cotton, Jersey, Crew neck"
Nike Sportswear,TEE MOCK LOVE - Long sleeved top,15.59,"100% cotton, Jersey, Standing collar"
Hollister Co.,TIMELESS - Print T-shirt,13.29,"100% cotton, Jersey, Crew neck"
Object,OBJTESSI SLUB V NECK - Basic T-shirt,17.99,"55% polyester, 45% viscose, Jersey, Low-cut v-neck"
Anna Field Curvy,Print T-shirt,13.49,"95% viscose, 5% elastane, 90% polyamide, 10% elastane, Do not tumble dry, machine wash at 30°C, Machine wash on gentle cycle"
Levi's®,ORIGINAL TEE UNISEX - Print T-shirt,16.49,"100% cotton, Jersey, Crew neck"
Anna Field,Long sleeved top,9.59,"100% cotton, Jersey, Crew neck"
Versace Jeans Couture,LADY - Print T-shirt,119.99,"80% polyamide, 20% elastane, Jersey, Crew neck"
Anna Field,Long sleeved top,10.39,"95% cotton, 5% elastane, Jersey, Cache-coeur"
Guess,REBECCA TEE - Print T-shirt,23.09,"95% cotton, 5% elastane, Machine wash at 30°C, Semi-sheer"
Even&Odd,Top,8.39,"100% cotton, Jersey, Crew neck"
-,-,-,-
Anna Field,Long sleeved top,11.89,"90% polyester, 8% viscose, 2% elastane, Rib, Crew neck"
Even&Odd,Long sleeved top,9.59,"100% cotton, Jersey, Crew neck"
Anna Field,Top,10.99,"65% polyester, 30% viscose, 5% elastane, Rib, Backless"
Opus,SANIKA - Basic T-shirt,15.99,"94% cotton, 6% elastane, Jersey, Crew neck"
EDITED,GINGER - Long sleeved top,15.59,"95% viscose, 5% elastane, Rib, Crew neck"
Anna Field,Blouse,14.39,"94% viscose, 6% elastane, Jersey, satin, Crew neck"
-,-,-,-
Soyaconcept,THILDE - Blouse,32.99,"100% polyester, 95% polyester, 5% elastane, Jersey"
Hollister Co.,Print T-shirt,16.49,"96% cotton, 4% elastane, Piqué, Polo shirt"
ONLY,Top,18.99,"100% polyester, 100% polyester, Low-cut v-neck"
Anna Field,Basic T-shirt,8.44,"50% cotton, 50% modal, Jersey, Boat neck"
Freequent,BLOND TEE - Print T-shirt,24.99,"100% polyester, Jersey, Crew neck"
Nike Sportswear,W NSW TEE JDI SLIM - Print T-shirt,13.99,"100% cotton, Jersey, Crew neck"
Anna Field,Basic T-shirt,8.99,"90% polyester, 8% viscose, 2% elastane, Rib, Crew neck"
Even&Odd,Long sleeved top,13.99,"95% cotton, 5% elastane, Rib, Henley"
Anna Field,Print T-shirt,8.99,"90% cotton, 5% elastane, 5% viscose, Jersey, Scoop neck"
Hollister Co.,ONE SHOULDER TIE 2 PACK - Top,28.99,"95% cotton, 5% elastane, Jersey, Animal print"
-,-,-,-
Anna Field,Top,7.14,"50% cotton, 50% modal, Jersey, Low-cut v-neck"
Even&Odd,3 PACK - Basic T-shirt,14.39,"100% cotton, Jersey, Crew neck"
Tommy Hilfiger Curve,CREW NECK GRAPHIC TEE - Print T-shirt,rom £24.99,"100% cotton, Jersey, Crew neck"
JDY,JDYSTARR LIFE STRAP SMOCK - Top,17.99,"100% viscose, Do not tumble dry, machine wash at 30°C, Machine wash on gentle cycle, Adjustable straps"
Anna Field,Top,15.99,"81% viscose, 19% polyamide, Rib, Low-cut v-neck"
Anna Field,Basic T-shirt,7.79,"95% viscose, 5% elastane, Jersey, Scoop neck"
Anna Field,2 PACK - Long sleeved top,15.99,"95% cotton, 5% elastane, Jersey, Crew neck"
Even&Odd,Top,8.09,"95% cotton, 5% elastane, Rib, Crew neck"
Anna Field,Top,6.59,"65% polyester, 35% viscose, Jersey, Backless"
Moss Copenhagen,ALVA PLAIN TEE - Basic T-shirt,16.99,"100% cotton, Jersey, Crew neck"
Esprit,COO TEE - Long sleeved top,15.29,"100% cotton, Jersey, Boat neck"
-,-,-,-
Zign,Long sleeved top,9.59,"95% cotton, 5% elastane, Jersey, Boat neck"
Anna Field,3 PACK - Top,15.99,"95% cotton, 5% elastane, Jersey, Scoop neck"
Anna Field Petite,Print T-shirt,8.99,"95% polyester, 5% elastane, 100% polyester, Do not tumble dry, machine wash at 30°C, Machine wash on gentle cycle"
Anna Field,Long sleeved top,14.99,"95% cotton, 5% elastane, Rib, Henley"
Calvin Klein Jeans,SHRUNKEN INSTITUTIONAL TEE - Print T-shirt,26.99,"100% cotton, Jersey, Crew neck"
Vero Moda,VMAVA PLAIN - Basic T-shirt,12.99,"95% lyocell, 5% elastane, Jersey, Crew neck"
Anna Field,Top,11.19,"81% viscose, 19% polyamide, Rib, Square neck"
Anna Field,Long sleeved top,14.99,"95% cotton, 5% elastane, Rib, Henley"
Tommy Hilfiger,HERITAGE CREW NECK GRAPHIC TEE - Print T-shirt,rom £24.99,"100% cotton, Jersey, Crew neck"
The North Face,CROP TEE - Long sleeved top,20.99,"100% cotton, Jersey, Standing collar"
Anna Field,Top,12.99,"100% polyester, 100% polyester, Do not tumble dry, machine wash at 30°C, Machine wash on gentle cycle"
Levi's®,THE PERFECT TEE - Print T-shirt,19.99,"100% cotton, Jersey, Semi-sheer"
Guess,MIRIANA TEE - Print T-shirt - true white,23.99,"95% cotton, 5% elastane, Jersey, Crew neck"
Versace Jeans Couture,LADY  - Long sleeved top,154.99,"80% polyamide, 20% elastane, Jersey, Standing collar"
Anna Field,2 PACK - Print T-shirt,11.19,"95% cotton, 5% elastane, Jersey, Scoop neck"
Anna Field,Basic T-shirt,13.59,"95% viscose, 5% elastane, Jersey, Low-cut v-neck"
Anna Field,3 PACK - Top,15.99,"95% cotton, 5% elastane, Jersey, Scoop neck"
Tommy Hilfiger,HERITAGE CREW NECK GRAPHIC TEE - Print T-shirt,rom £22.49,"100% cotton, Jersey, Crew neck"
Even&Odd,Top,8.99,"95% cotton, 5% elastane, Rib, Crew neck"
Anna Field,Basic T-shirt,9.99,"50% cotton, 50% modal, Jersey, Low-cut v-neck"
Anna Field,Print T-shirt,14.99,"100% cotton, Do not tumble dry, machine wash at 30°C, Machine wash on gentle cycle, Print"
Anna Field,3 PACK - Basic T-shirt,19.99,"95% cotton, 5% elastane, Jersey, Scoop neck"
Monki,CHRIS 2 PACK - Basic T-shirt,17.99,"100% cotton, Jersey, Crew neck"
Hollister Co.,BARE CAMI 3 PACK - Top,27.29,"95% cotton, 5% elastane, Rib, Low-cut v-neck"
Vero Moda,VMKERRY  - Basic T-shirt,12.99,"100% cotton, Jersey, Crew neck"
Even&Odd,Long sleeved top,8.44,"95% cotton, 5% elastane, Rib, Low-cut v-neck"
Anna Field,Basic T-shirt,12.79,"65% modal, 29% polyester, 6% elastane, Jersey, Standing collar"
Calvin Klein Jeans,EMBROIDERY SLIM TEE - Basic T-shirt,rom £24.99,"100% cotton, Jersey, Crew neck"
Anna Field,Print T-shirt,12.99,"100% cotton, Jersey, Crew neck"
Tommy Hilfiger,Print T-shirt,24.49,"100% cotton, Jersey, Crew neck"
Tommy Jeans,LALA TEE - Long sleeved top,20.99,"100% cotton, Jersey, Crew neck"
Even&Odd,Print T-shirt,11.24,"95% cotton, 5% elastane, Jersey, Scoop neck"
Anna Field,Top,15.99,"95% cotton, 5% elastane, Rib, Low-cut v-neck"
Calvin Klein Jeans,MONOGRAM LOGO TEE - Basic T-shirt,26.99,"100% cotton, Jersey, Crew neck"
Even&Odd,Print T-shirt,12.79,"100% cotton, Jersey, Crew neck"
Anna Field,Basic T-shirt,9.99,"50% cotton, 50% modal, Jersey, Low-cut v-neck"
Tommy Jeans Curve,MODERN LOGO TEE - Print T-shirt,34.99,"100% cotton, Jersey, Crew neck"
Even&Odd,Top,10.99,"95% cotton, 5% elastane, Rib, Standing collar"
Massimo Dutti,Print T-shirt,29.95,"67% lyocell, 33% cotton, Rib, Do not tumble dry"
Edwin,QUARTER UNISEX - Print T-shirt,24.49,"100% cotton, Jersey, Crew neck"
Anna Field,2 PACK - Long sleeved top,17.99,"95% cotton, 5% elastane, Jersey, Crew neck"
Anna Field,2 PACK - Top,8.99,"50% cotton, 50% modal, Jersey, Scoop neck"
Anna Field,Top,7.19,"95% cotton, 5% elastane, Jersey, Square neck"
edc by Esprit,CORE HIGH - Basic T-shirt,14.99,"100% cotton, Jersey, Mandarin collar"
Edwin,FROM FUJI UNISEX - Print T-shirt,19.49,"100% cotton, Jersey, Crew neck"
Zign,Top,12.59,"81% viscose, 19% polyamide, Rib, Crew neck"
Anna Field,Top,11.69,"95% viscose, 5% elastane, Jersey, Crew neck"
Zign,Top,8.44,"95% cotton, 5% elastane, Rib, Low-cut v-neck"
Anna Field,Print T-shirt,8.99,"95% cotton, 5% elastane, Jersey, Crew neck"
Massimo Dutti,Blouse,39.95,"100% cotton, Rib, Plain"
Anna Field,Top,17.99,"100% polyester, 94% viscose, 6% elastane, Jersey"
Anna Field,Top,6.59,"50% cotton, 50% modal, Jersey, Low-cut v-neck"
Hollister Co.,BUTTON THRU - Long sleeved top,14.29,"95% cotton, 5% elastane, Rib, Henley"
Abercrombie & Fitch,5 PACK - Basic T-shirt,59.99,"100% cotton, Jersey, Low-cut v-neck"
Soyaconcept,SC-THILDE - Blouse,23.99,"100% polyester, 95% viscose, 5% elastane, Do not tumble dry, machine wash at 30°C, A shrinkage of up to 5% may occur"
Anna Field,MODERN TEE - Basic T-shirt,9.99,"100% cotton, Jersey, Crew neck"
Anna Field,TOP-LINEN BLEND - Top,11.19,"50% linen, 50% viscose, Jersey, Scoop neck"
-,-,-,-
Opus,SMILLA - Long sleeved top,rom £19.99,"94% cotton, 6% elastane, Jersey, Crew neck"
Nike Sportswear,AIR  - Print T-shirt,18.19,"100% cotton, Jersey, Crew neck"
Even&Odd,Long sleeved top,11.99,"93% viscose, 7% elastane, Rib, Scoop neck"
TOM TAILOR,STRIPE - Long sleeved top,17.99,"97% cotton, 3% elastane, Jersey, Crew neck"
ONLY,ONLFLORA CAPSL WVN NOOS - Blouse,21.99,"100% polyester, 100% polyester, Standing collar"
Anna Field,2 PACK - Basic T-shirt,11.19,"95% cotton, 5% elastane, Jersey, Low-cut v-neck"
-,-,-,-
Anna Field,Basic T-shirt,9.59,"65% modal, 29% polyester, 6% elastane, Jersey, Standing collar"
Morgan,Print T-shirt,27.99,"95% viscose, 5% elastane, 100% polyamide, Do not tumble dry, machine wash at 30°C, Machine wash on gentle cycle"
Tommy Hilfiger,REGULAR TEE - Print T-shirt,39.99,"100% cotton, Jersey, Crew neck"
adidas Originals,Long sleeved top,rom £18.19,"93% cotton, 7% elastane, Jersey, AD121D0T6-Q11"
NA-KD,Long sleeved top,19.99,"65% polyester, 30% viscose, 5% elastane, Rib, Low-cut v-neck"
Monki,SAMINA - Long sleeved top,12.99,"64% polyester, 34% cotton, 2% elastane, Rib, Standing collar"
Anna Field,Print T-shirt,7.79,"100% cotton, Jersey, Boat neck"
Calvin Klein Jeans,MICRO BRANDING STRETCH MOCK NECK - Print T-shirt,23.99,"95% cotton, 5% elastane, Jersey, Standing collar"
Calvin Klein Jeans,MONOGRAM LOGO TEE - Basic T-shirt,23.99,"100% cotton, Jersey, Crew neck"
Anna Field,Long sleeved top,9.99,"95% cotton, 5% elastane, Jersey, Crew neck"
-,-,-,-
Springfield,Top,13.99,"100% cotton, Jersey, Low-cut v-neck"
Tommy Hilfiger,HERITAGE CREW NECK TEE - Basic T-shirt,rom £24.99,"100% cotton, Jersey, Crew neck"
Tommy Jeans,TIMELESS TEE UNISEX - Print T-shirt,23.99,"100% cotton, Jersey, Crew neck"
Levi's®,THE PERFECT - Print T-shirt,17.49,"100% cotton, Jersey, Crew neck"
JDY,JDYAPPA EMMA SINGLET - Top,17.99,"100% polyester, Lace, satin, Low-cut v-neck"
Vila,VISONILLA DETAIL - Top,14.99,"95% viscose, 5% elastane, Jersey, Low-cut v-neck"
Levi's®,THE PERFECT TEE - Print T-shirt,19.99,"100% cotton, Jersey, Print"
ONLY,ONLKITA LIFE BOX - Print T-shirt,12.99,"100% cotton, Jersey, Crew neck"
Anna Field,Long sleeved top,10.39,"50% cotton, 50% modal, Jersey, Crew neck"
edc by Esprit,Long sleeved top,7.79,"100% cotton, Machine wash at 40°C, do not tumble dry, 17.5 "" (Size S)"
Anna Field,Print T-shirt,12.99,"95% cotton, 5% elastane, Jersey, Crew neck"
Hollister Co.,Print T-shirt,11.39,"100% cotton, Jersey, Crew neck"
Zign,Top,10.79,"81% viscose, 19% polyamide, Rib, Scoop neck"
Carin Wester,SAFFI - Basic T-shirt,13.19,"100% cotton, Jersey, Crew neck"
JDY,JDYSUN TANK - Top,14.99,"100% acrylic, Knit, Scoop neck"
Nike Sportswear,Print T-shirt,22.99,"100% cotton, NI121D0KT-Q11"
Cotton On,CLASSIC ARTS TEE - Print T-shirt,9.74,"100% cotton, Jersey, Crew neck"
Nike Sportswear,Basic T-shirt,19.79,"100% cotton, Jersey, Crew neck"
Anna Field,Long sleeved top,7.79,"95% cotton, 5% elastane, Jersey, Boat neck"
adidas Originals,STRIPES TEE - Print T-shirt,rom £20.79,"100% cotton, Jersey, Crew neck"
Lace & Beads,HAZEL - Top,59.99,"100% polyester, 100% polyester, Dry clean only"
Guess,ICON TEE - Print T-shirt,23.09,"100% cotton, Jersey, Crew neck"
Anna Field,Long sleeved top,17.99,"96% cotton, 4% elastane, Jersey, Boat neck"
Even&Odd,SQUARE NECK CROP 2 PACK - Top,10.39,"95% cotton, 5% elastane, Rib, Scoop neck"
Hollister Co.,ICON EASY VEE - Basic T-shirt,14.99,"95% viscose, 5% elastane, Jersey, Low-cut v-neck"
Anna Field,Print T-shirt,9.59,"100% cotton, Jersey, Crew neck"
Diesel,T-DIEGO-LAB UNISEX - Print T-shirt,rom £29.24,"100% cotton, Jersey, Crew neck"
Nike Sportswear,TEE BOY LOVE - Print T-shirt,16.49,"100% cotton, Jersey, Crew neck"
adidas Originals,Long sleeved top,rom £18.59,"92% cotton, 8% elastane, AD121D0SZ-K11"
Cotton On,BUTTON ME UP POLO - Basic T-shirt,18.99,"100% cotton, Rib, Turn-down collar"
Moss Copenhagen,ALVA PLAIN TEE - Basic T-shirt,16.99,"100% cotton, Jersey, Crew neck"
Anna Field,Blouse,17.99,"94% viscose, 6% elastane, 98% polyester, 2% elastane, Do not tumble dry, machine wash at 30°C, Machine wash on gentle cycle"
Tommy Hilfiger,REGULAR BOX TEE - Print T-shirt,25.49,"100% cotton, Jersey, Crew neck"
Nike Sportswear,Print T-shirt,21.69,"100% cotton, Jersey, Crew neck"
Cotton On,CLASSIC TEE - Print T-shirt,13.49,"100% cotton, Jersey, Crew neck"
Object,OBJZOE - Blouse,30.99,"100% viscose, 100% viscose, Crew neck"
Anna Field,Top,13.49,"65% polyester, 30% viscose, 5% elastane, Rib, Square neck"
Anna Field,Basic T-shirt,19.99,"81% viscose, 19% polyamide, Rib, Henley"
Levi's®,HOUSEMARK GRAPHIC TEE UNISEX - Print T-shirt,16.89,"100% cotton, Jersey, Crew neck"
Abercrombie & Fitch,COZY HENLEY  - Long sleeved top,21.74,"48% polyester, 48% viscose, 4% elastane, Knit, Henley"
NU-IN,CUTOUT TIE BACK - Long sleeved top,25.99,"60% lyocell, 40% cotton, Rib, Crew neck"
Anna Field,Basic T-shirt,9.99,"50% cotton, 50% modal, Jersey, Low-cut v-neck"
Weekday,PRIME - Basic T-shirt,11.99,"100% cotton, Jersey, Standing collar"
Weekday,MARGERIE LONG SLEEVE - Long sleeved top,15.59,"94% polyester, 6% elastane, Mesh, Very sheer"
Anna Field,Long sleeved top,8.99,"100% cotton, Jersey, Crew neck"
Anna Field,Top,10.39,"95% viscose, 5% elastane, Jersey, Crew neck"
Zign,Top,7.79,"48% cotton, 47% polyester, 5% elastane, Rib, Low-cut v-neck"
Nike Sportswear,TEE BOY LOVE - Print T-shirt,15.39,"100% cotton, Jersey, Crew neck"
Anna Field,MODERN TEE - Basic T-shirt,9.99,"100% cotton, Jersey, Crew neck"
Re.draft,STRIPED BLOUSE - Print T-shirt,34.99,"53% cotton, 27% viscose, 20% lyocell, Do not tumble dry, machine wash at 30°C, Machine wash on gentle cycle, Button"
Cotton On,CLASSIC TEE - Print T-shirt,8.99,"100% cotton, Jersey, Crew neck"
Springfield,TWINSET - Top,19.99,"100% cotton, Knit, Low-cut v-neck"
Selected Femme,MY PERFECT    - Print T-shirt,14.99,"100% cotton, Jersey, Crew neck"
Even&Odd,Top,8.44,"50% cotton, 50% modal, Jersey, Scoop neck"
Hollister Co.,TIMELESS - Print T-shirt,11.39,"60% cotton, 40% polyester, Jersey, Crew neck"
Even&Odd,Top,10.39,"95% cotton, 5% elastane, Rib, Crew neck"
Anna Field,2 PACK - Basic T-shirt,12.79,"50% cotton, 50% modal, Jersey, Low-cut v-neck"
Even&Odd Tall,WITH WIDE COLLAR - Basic T-shirt,5.84,"100% cotton, Jersey, Standing collar"
Even&Odd,Long sleeved top,8.99,"100% cotton, Jersey, Crew neck"
More & More,Top,22.99,"95% cotton, 5% elastane, 95% cotton, 5% elastane, Do not tumble dry, machine wash at 30°C, Machine wash on gentle cycle"
Carin Wester,NELLY - Polo shirt,22.09,"48% modal, 45% cotton, 7% elastane, Jersey, Do not tumble dry, machine wash at 30°C, Machine wash on gentle cycle"
Vila,VISONILLA DETAIL - Top,13.49,"95% viscose, 5% elastane, Jersey, Low-cut v-neck"
Nike Sportswear,W NSW TEE JDI SLIM - Print T-shirt,13.99,"100% cotton, Jersey, Crew neck"
Even&Odd,Long sleeved top,8.99,"100% cotton, Jersey, Crew neck"
More & More,Top,22.99,"95% cotton, 5% elastane, 95% cotton, 5% elastane, Do not tumble dry, machine wash at 30°C, Machine wash on gentle cycle"
Anna Field,Long sleeved top,25.99,"100% polyester, Do not tumble dry, machine wash at 30°C, Machine wash on gentle cycle, Semi-sheer"
Carin Wester,NELLY - Polo shirt,22.09,"48% modal, 45% cotton, 7% elastane, Jersey, Do not tumble dry, machine wash at 30°C, Machine wash on gentle cycle"
Vila,VISONILLA DETAIL - Top,13.49,"95% viscose, 5% elastane, Jersey, Low-cut v-neck"
-,-,-,-
Nike Sportswear,W NSW TEE JDI SLIM - Print T-shirt,13.99,"100% cotton, Jersey, Crew neck"
Vero Moda,VMFRANCA - Long sleeved top,18.99,"62% polyester, 33% viscose, 5% elastane, Rib, Crew neck"
Moss Copenhagen,ALVA PLAIN TEE - Basic T-shirt,16.99,"65% polyester, 35% cotton, Jersey, Crew neck"
Cotton On,CLASSIC TEE - Print T-shirt,14.99,"100% cotton, Jersey, Crew neck"
Even&Odd,2 PACK - Top,14.39,"95% cotton, 5% elastane, Rib, Crew neck"
Tommy Jeans,ESSENTIAL LOGO TEE - Print T-shirt,29.99,"60% cotton, 40% polyester, Jersey, Crew neck"
-,-,-,-
Anna Field,3 PACK - Top,16.99,"95% cotton, 5% elastane, Jersey, Scoop neck"
Even&Odd,2 PACK - Top,12.99,"95% cotton, 5% elastane, Rib, Crew neck"
Anna Field,Top,10.99,"95% viscose, 5% elastane, 90% polyamide, 10% elastane, Do not tumble dry, machine wash at 30°C, Machine wash on gentle cycle"
Guess,SLIM FIT - Print T-shirt,24.99,"95% cotton, 5% elastane, Jersey, Low-cut v-neck"
Calvin Klein Jeans,REFLECTIVE MONOGRAM TEE - Print T-shirt,29.74,"100% cotton, Jersey, Crew neck"
Vero Moda,VMAVA PLAIN - Basic T-shirt,11.99,"95% lyocell, 5% elastane, Jersey, Crew neck"
GANT,THE SUMMER - Polo shirt,32.99,"100% cotton, Machine wash at 40°C, Plain"
Anna Field,Basic T-shirt,6.49,"100% cotton, Jersey, Crew neck"
ONLY,ONLKITA LIFE FACE DOT BOX - Print T-shirt,8.99,"93% cotton, 5% polyester, 2% elastane, Jersey, Crew neck"
Tommy Jeans,ESSENTIAL LOGO TEE - Print T-shirt,19.49,"100% cotton, Jersey, Crew neck"
-,-,-,-
Abercrombie & Fitch,5 PACK - Basic T-shirt,59.99,"100% cotton, Jersey, Low-cut v-neck"
Anna Field,2 PACK - Basic T-shirt,15.99,"50% cotton, 50% modal, Jersey, Low-cut v-neck"
Trendyol,Print T-shirt,9.74,"100% cotton, Jersey, Crew neck"
Tommy Hilfiger,HERITAGE CREW NECK GRAPHIC TEE - Print T-shirt,rom £21.24,"100% cotton, Jersey, Crew neck"
Morgan,DAYANA - Print T-shirt,14.39,"96% viscose, 4% elastane, 100% polyamide, Do not tumble dry, machine wash at 30°C, Machine wash on gentle cycle"
Anna Field,Top,7.14,"80% cotton, 15% viscose, 5% elastane, Jersey, Backless"
Even&Odd,Basic T-shirt,17.59,"95% cotton, 5% elastane, Rib, Crew neck"
Monki,TOVI TEE - Print T-shirt,7.79,"100% cotton, Jersey, Crew neck"
Vero Moda,VMSOFIA LACE TOP - Basic T-shirt,9.00,"70% modal, 30% polyester, Jersey, Lace, Crew neck"
Hollister Co.,Print T-shirt,11.39,"60% cotton, 40% polyester, Jersey, Crew neck"
Esprit Collection,FLOWER LEAF TEE - Print T-shirt,24.99,"100% viscose, Jersey, Crew neck"
Hollister Co.,TIMELESS - Print T-shirt,11.39,"60% cotton, 40% polyester, Jersey, Crew neck"
Anna Field,2 PACK - Basic T-shirt,15.99,"95% cotton, 5% elastane, Jersey, Crew neck"
Levi's®,PERFECT TEE - Basic T-shirt,21.24,"100% cotton, Jersey, Crew neck"
Even&Odd,Top,15.99,"81% viscose, 19% polyamide, Rib, Low-cut v-neck"
Esprit,Print T-shirt,13.99,"100% cotton, Jersey, Crew neck"
Vero Moda,VMNELLFRANCIS BOX - Print T-shirt,12.99,"50% polyester, 50% viscose, Jersey, Crew neck"
Cotton On,CLASSIC TEE - Print T-shirt,14.99,"100% cotton, Jersey, Crew neck"
Carin Wester,NEVADA  - Long sleeved top,25.99,"100% cotton, Jersey, Crew neck"
Even&Odd Curvy,Print T-shirt,9.74,"100% cotton, Jersey, Crew neck"
Vero Moda Tall,VMLULU HIGH NECK - Long sleeved top,16.49,"95% polyester, 5% elastane, Tulle, Round neck"
Monki,URSULA - Long sleeved top,20.99,"50% cotton, 50% modal, Jersey, Crew neck"
JDY,Print T-shirt,11.99,"100% polyester, Do not tumble dry, machine wash at 30°C, A shrinkage of up to 5% may occur, Machine wash on gentle cycle, Very sheer"
Hollister Co.,POINTELLE BUTT THRUSET - Long sleeved top,14.99,"100% cotton, Jersey, Crew neck"
Calvin Klein Jeans,SHINE LOGO TEE - Print T-shirt,23.99,"100% cotton, Jersey, Crew neck"
Tommy Jeans,HORIZONTAL STRIPE TEE - Print T-shirt,24.49,"100% cotton, Jersey, Crew neck"
Anna Field,Long sleeved top,9.59,"95% viscose, 5% elastane, Jersey, Boat neck"
Anna Field,Print T-shirt,12.99,"95% cotton, 5% elastane, Jersey, Crew neck"
ONLY,ONLJESSY SHOULDERPAD  - Print T-shirt,14.24,"100% polyester, Jersey, Crew neck"
Tommy Hilfiger,REGULAR BOX TEE - Print T-shirt,rom £20.99,"100% cotton, Jersey, Crew neck"
Anna Field MAMA,NURSING Basic T-shirt - Basic T-shirt,6.59,"95% cotton, 5% elastane, Jersey, Crew neck"
ONLY,ONLAYA BOATNECK - Long sleeved top,14.99,"47% cotton, 47% modal, 6% elastane, Jersey, Boat neck"
Juicy Couture,BABE BOOBTUBE - Top,39.99,"95% polyester, 5% elastane, Velvet/velour, Rhinestones"
ARKET,LONGSLEEVE - Long sleeved top,11.89,"100% cotton, Jersey, Crew neck"
Esprit,Top,22.99,"52% cotton, 48% linen, Knit, Backless"
Vero Moda,VMDAVA POCKET - Print T-shirt,14.99,"95% lyocell, 5% elastane, Jersey, Crew neck"
Tommy Jeans,BADGE TEE - Basic T-shirt,27.99,"50% polyester, 50% cotton, Jersey, Crew neck"
Weekday,STELLA PRINTED TANK - Top,8.44,"95% cotton, 5% elastane, Rib, Crew neck"
Cotton On,CLASSIC TEE - Print T-shirt,8.99,"100% cotton, Jersey, Crew neck"
Pieces,PCILU  - Print T-shirt,12.00,"84% polyamide, 14% elastane, 2% polyester, Backless, PE321E0FY-Q11"
Cotton On,THE CREW - Print T-shirt,rom £8.99,"100% cotton, Jersey, Crew neck"
Vero Moda,VMAVA PLAIN - Basic T-shirt,11.99,"95% lyocell, 5% elastane, Jersey, Crew neck"
Tommy Hilfiger,BOBO REGULAR  - Print T-shirt,26.24,"100% cotton, Jersey, Crew neck"
Vila,VISCOOP  - Basic T-shirt,12.99,"100% viscose, Jersey, Low-cut v-neck"
Anna Field,Long sleeved top,18.59,"72% modal, 28% polyester, Do not tumble dry, machine wash at 30°C, Machine wash on gentle cycle, Semi-sheer"
Monki,SAMINA - Long sleeved top,7.79,"97% cotton, 3% elastane, Rib, Standing collar"
Morgan,Jumper,23.79,"68% viscose, 32% polyamide, Rib, Low-cut v-neck"
Anna Field,Basic T-shirt,19.99,"81% viscose, 19% polyamide, Rib, Henley"
Monki,SAMINA - Long sleeved top,11.04,"97% cotton, 3% elastane, Rib, Standing collar"
adidas Originals,LEOPARD CROPPED TEE - Print T-shirt,15.39,"100% cotton, Jersey, Crew neck"
Vila,VINOEL BUTTON  - Long sleeved top,12.59,"74% viscose, 26% polyester, Jersey, Henley"
Zign,Top,14.99,"50% cotton, 50% modal, Jersey, Backless"
Lacoste,PF7845 - Polo shirt,55.99,"94% cotton, 6% elastane, Yes, Polo shirt"
edc by Esprit,CORE OCS BASIC - Top,9.99,"95% cotton, 5% elastane, Jersey, Scoop neck"
Soyaconcept,SC-THILDE - Blouse,23.99,"100% polyester, 95% viscose, 5% elastane, Do not tumble dry, machine wash at 30°C, Machine wash on gentle cycle"
Monki,MAJA 2 PACK - Long sleeved top,10.99,"50% cotton, 50% modal, Jersey, Crew neck"
ONLY,ONLRHONWEN - Long sleeved top,10.79,"100% polyester, Mesh, Crew neck"
ONLY,ONLKIRA SINGLET 2 PACK - Top,12.99,"100% cotton, Jersey, Low-cut v-neck"
Hollister Co.,VINTAGE BABY TEE - Print T-shirt,11.04,"95% cotton, 5% elastane, Jersey, Crew neck"
River Island,Print T-shirt,17.99,"100% cotton, Jersey, Crew neck"
Even&Odd Tall,2 PACK - Top,17.99,"95% polyester, 5% elastane, 100% polyester, Do not tumble dry, machine wash at 30°C, Machine wash on gentle cycle"
YOURTURN,UNISEX - Print T-shirt,15.99,"100% cotton, Jersey, Crew neck"
ONLY Petite,ONLKITA SUMMER - Print T-shirt,8.99,"100% cotton, Jersey, Crew neck"
Vila,VISTASIA  - Blouse,23.99,"93% polyamide, 7% elastane, 100% polyester, Machine wash at 30°C, A shrinkage of up to 5% may occur"
River Island,Print T-shirt,17.99,"100% cotton, Jersey, Crew neck"
YOURTURN,UNISEX - Print T-shirt,15.99,"100% cotton, Jersey, Crew neck"
ONLY Petite,ONLKITA SUMMER - Print T-shirt,8.99,"100% cotton, Jersey, Crew neck"
Cotton On,CLASSIC LED ZEPPELIN 1977 TOUR - Print T-shirt,8.99,"100% cotton, Jersey, Print"
-,-,-,-
Esprit,COO TEE - Long sleeved top,15.29,"100% cotton, Jersey, Boat neck"
JDY,JDYNANNA - Top,17.99,"80% viscose, 20% nylon, Rib, Low-cut v-neck"
Anna Field,Print T-shirt,8.99,"95% cotton, 5% elastane, Jersey, Crew neck"
Monki,MAJA 2 PACK - Long sleeved top,14.69,"50% cotton, 50% modal, Jersey, Crew neck"
InWear,AIDEN - Print T-shirt,29.99,"52% modal, 48% cotton, Jersey, Crew neck"
Anna Field MAMA,2er PACK seamless belly bands MATERNITY - Top,8.99,"75% cotton, 14% polyamide, 11% elastane, Jersey, Elasticated waist"
-,-,-,-
Even&Odd,Print T-shirt,8.79,"95% cotton, 5% elastane, Jersey, Low-cut v-neck"
Weekday,ZIA LONG SLEEVE - Long sleeved top,19.49,"93% cotton, 7% elastane, Jersey, Low-cut v-neck"
Springfield,8.GYM. CAMISA VOLAN - Top,23.99,"100% cotton, Denim, Low-cut v-neck"
Anna Field,Print T-shirt,12.99,"100% cotton, Jersey, Crew neck"
Anna Field,Print T-shirt,9.74,"100% cotton, Jersey, Crew neck"
adidas Originals,TREFOIL TEE - Print T-shirt,rom £19.99,"92% cotton, 8% elastane, Jersey, Crew neck"
ONLY,ONLFANCY LIFE BOXY  - Print T-shirt,9.74,"100% cotton, Jersey, Crew neck"
Vero Moda,VMFALLIE - Print T-shirt,16.49,"100% polyester, Do not tumble dry, machine wash at 30°C, A shrinkage of up to 5% may occur, Floral"
Anna Field,Long sleeved top,8.99,"95% cotton, 5% elastane, Jersey, Backless"
GAP,TANK - Top,9.09,"58% cotton, 38% polyester, 4% elastane, Rib, Square neck"
-,-,-,-
Mavi,Top,10.99,"95% polyamide, 5% elastane, Rib, Plain"
-,-,-,-
Vila,VIVIKOA SLEEVE - Long sleeved top,18.99,"92% polyester, 8% elastane, Do not tumble dry, machine wash at 30°C, Machine wash on gentle cycle, Very sheer"
Vero Moda,VMCINA - Basic T-shirt,12.99,"95% lyocell, 5% elastane, Jersey, Scoop neck"
Anna Field,Top,7.69,"95% cotton, 5% elastane, Rib, Backless"
Anna Field,3 PACK - Basic T-shirt,21.99,"50% cotton, 50% modal, Jersey, Crew neck"
JDY,JDYSTARR LIFE STRAP SMOCK - Top,17.99,"100% viscose, Do not tumble dry, machine wash at 30°C, A shrinkage of up to 5% may occur, Machine wash on gentle cycle, Adjustable straps"
Tommy Hilfiger,ALISSA REGULAR TEE - Print T-shirt,24.99,"100% cotton, Jersey, Crew neck"
ONLY,ONLVIBE LIFE FIT ANIMAL - Print T-shirt,12.99,"100% cotton, Jersey, Crew neck"
Even&Odd,2 PACK - Top,14.39,"90% polyamide, 10% elastane, 100% polyester, Do not tumble dry, machine wash at 30°C, Machine wash on gentle cycle"
Even&Odd,Print T-shirt,12.99,"100% cotton, Jersey, Crew neck"
-,-,-,-
Vero Moda,VMNEELA - Blouse,18.59,"100% viscose, Do not tumble dry, machine wash at 30°C, Machine wash on gentle cycle, Button"
Weekday,SENA LONG SLEEVE - Long sleeved top,10.79,"94% polyester, 6% elastane, Tulle, Very sheer"
Trendyol,Top,15.99,"100% viscose, 100% viscose, Scoop neck"
Even&Odd Tall,Basic T-shirt,8.44,"95% cotton, 5% elastane, Jersey, Low-cut v-neck"
ONLY,ONLPEANUTS LIFE LOVE - Print T-shirt,8.99,"100% cotton, Jersey, Crew neck"
ONLY,ONLRHINA LIFE FLOWER - Print T-shirt,8.99,"100% polyester, 70% viscose, 30% polyester, Do not tumble dry, machine wash at 30°C"
Vila,VISONILLA DETAIL - Top,14.99,"95% viscose, 5% elastane, Jersey, Low-cut v-neck"
JDY,JDYJENNIFER LIFE SINGLET - Top,17.99,"100% polyester, Low-cut v-neck, Adjustable straps"
Even&Odd,Long sleeved top,15.99,"95% cotton, 5% elastane, Rib, Crew neck"
Nike Sportswear,TEE - Long sleeved top,25.99,"100% cotton, Jersey, Crew neck"
Even&Odd,Top,7.79,"99% polyester, 1% elastane, Do not tumble dry, machine wash at 30°C, Machine wash on gentle cycle, Print"
ARKET,Long sleeved top,13.19,"45% cotton, 45% modal, 10% elastane, Jersey, Crew neck"
Vero Moda,VMAVA VNECK TEE  - Basic T-shirt,12.99,"95% lyocell, 5% elastane, Jersey, Low-cut v-neck"
Anna Field,TOP-LINEN BLEND - Top,15.99,"50% linen, 50% cotton, Do not tumble dry, machine wash at 30°C, Machine wash on gentle cycle, Burnout"
Anna Field,2 PACK - Basic T-shirt,11.19,"95% cotton, 5% elastane, Jersey, Scoop neck"
Vero Moda,VMNEWLEX SUN - Top,12.99,"50% viscose, 25% acrylic, 25% cotton, Rib, Low-cut v-neck"
Anna Field,2 PACK - Top,11.99,"95% cotton, 5% elastane, Jersey, Scoop neck"
Anna Field,Basic T-shirt,9.99,"100% cotton, Jersey, Low-cut v-neck"
Anna Field,Print T-shirt,14.99,"95% viscose, 5% elastane, Jersey, Crew neck"
Vero Moda,VMLAVENDER 2PACK - Top,18.19,"95% cotton, 5% elastane, Rib, Crew neck"
Tommy Jeans,ESSENTIAL LOGO TEE - Print T-shirt,22.49,"60% cotton, 40% polyester, Jersey, Crew neck"
Cotton On,THE DEEP  - Basic T-shirt,rom £8.99,"100% cotton, Jersey, Low-cut v-neck"
Culture,FILUKA CAP SLEEVE - Blouse,64.99,"100% viscose, Satin, Low-cut v-neck"
Weekday,STELLA TANK 2 PACK  - Top,11.69,"95% cotton, 5% elastane, Rib, Crew neck"
ONLY,ONLTAMARA - Long sleeved top,23.99,"100% polyester, Chiffon, Crew neck"
ONLY,ONLVIBE LIFE FIT ANIMAL - Print T-shirt,12.99,"100% cotton, Jersey, Crew neck"
Hollister Co.,Print T-shirt,13.19,"96% cotton, 4% elastane, Jersey, Polo shirt"
Object,OBJROSALIA TANK - Top,23.99,"80% viscose, 20% nylon, Rib, Low-cut v-neck"
Levi's®,PERFECT TEE - Basic T-shirt,19.99,"100% cotton, Jersey, Crew neck"
Calvin Klein Jeans,TONAL MONOGRAM TEE - Print T-shirt,25.49,"100% cotton, Jersey, Crew neck"
Tommy Jeans,Print T-shirt,16.89,"50% polyester, 44% cotton, 6% viscose, Jersey, Crew neck"
Vero Moda,VMORIELLE ROLL NECK  - Top,17.99,"90% polyester, 10% elastane, Rib, Polo neck"
Anna Field,2 PACK - Long sleeved top,17.99,"95% cotton, 5% elastane, Jersey, Crew neck"
Anna Field,Top,6.59,"65% polyester, 35% viscose, Jersey, Scoop neck"
JDY,JDYDESHA - Top,17.99,"55% acrylic, 45% nylon, Knit, Scoop neck"
Even&Odd,Long sleeved top,12.99,"95% cotton, 5% elastane, Rib, Polo neck"
Springfield,CAMISETA HOMBRERAS - Print T-shirt,13.99,"100% cotton, Jersey, Crew neck"
Even&Odd,Long sleeved top,8.99,"95% viscose, 5% elastane, Jersey, V-neck"
Esprit,Basic T-shirt,8.99,"100% cotton, Jersey, Crew neck"
GAP,TANK - Top,9.09,"58% cotton, 38% polyester, 4% elastane, Rib, Scoop neck"
ARKET,Top,16.99,"67% lyocell, 33% cotton, Jersey, Backless"
G-Star,MYSID R T OPTIC SLIM WMN  - Print T-shirt,13.99,"100% cotton, Jersey, Crew neck"
Even&Odd,2 PACK  - Top,12.99,"95% cotton, 5% elastane, Rib, Crew neck"
Anna Field,Top,10.99,"95% cotton, 5% elastane, Rib, Backless"
Abercrombie & Fitch,SMOCK WAIST CAMI - Top,34.99,"100% viscose, 100% viscose, Square neck"
edc by Esprit,Long sleeved top,7.79,"100% cotton, Machine wash at 40°C, do not tumble dry, 17.5 "" (Size S)"
Monki,TRACY SINGLET 2 PACK - Top,13.99,"95% cotton, 5% elastane, Rib, Low-cut v-neck"
JDY,Long sleeved top,13.49,"95% polyester, 5% elastane, Lace, Rib, Standing collar"
Abercrombie & Fitch,SMOCK WAIST CAMI - Blouse,34.99,"100% viscose, 100% viscose, Square neck"
Nike Sportswear,SCOOP - Basic T-shirt,18.19,"60% cotton, 20% polyester, 20% viscose, Jersey, Scoop neck"
edc by Esprit,CORE OCS BASIC - Top,9.99,"95% cotton, 5% elastane, Jersey, Scoop neck"
Opus,SMILLA - Long sleeved top,19.99,"94% cotton, 6% elastane, Jersey, Crew neck"
JDY,JDYAPPA SINGLET - Top,12.99,"100% polyester, Do not tumble dry, machine wash at 30°C, Machine wash on gentle cycle, Floral"
Anna Field,Top,15.99,"95% cotton, 5% elastane, Rib, Low-cut v-neck"
Even&Odd,Top,8.99,"50% cotton, 50% modal, Jersey, Scoop neck"
Anna Field,Print T-shirt,7.99,"95% cotton, 5% elastane, Jersey, Low-cut v-neck"
mbyM,LIONE - Long sleeved top,39.99,"95% modal, 5% elastane, Jersey, Cache-coeur"
-,-,-,-
Anna Field,Print T-shirt,14.99,"95% cotton, 5% elastane, Jersey, Crew neck"
ONLY,ONLRHINA LIFE FLOWER - Print T-shirt,11.24,"100% polyester, 70% viscose, 30% polyester, Do not tumble dry, machine wash at 30°C, Machine wash on gentle cycle"
Vero Moda,VMARIA SINGLET - Top,14.99,"62% polyester, 33% viscose, 5% elastane, Rib, Henley"
Springfield,CROCHET - Print T-shirt,13.99,"100% cotton, Jersey, Crew neck"
Massimo Dutti,Long sleeved top,44.95,"57% linen, 35% cotton, 8% nylon, Rib, Do not tumble dry"
Tommy Jeans,REGULAR C NECK - Basic T-shirt,23.24,"100% cotton, Jersey, Crew neck"
-,-,-,-
Anna Field,2 PACK - Top,8.79,"95% cotton, 5% elastane, Jersey, Scoop neck"
Anna Field,3 PACK - Top,19.99,"95% cotton, 5% elastane, Jersey, Scoop neck"
Esprit,CRINKLE - Long sleeved top,43.99,"100% polyester, 100% viscose, Do not tumble dry, machine wash at 30°C, Machine wash on gentle cycle"
Vero Moda,VMPANDA DETAIL - Long sleeved top,21.99,"48% cotton, 48% modal, 4% elastane, Jersey, Crew neck"
Anna Field MAMA,NURSING Basic T-shirt - Basic T-shirt,8.79,"95% cotton, 5% elastane, Jersey, Crew neck"
Weekday,STRAP CROP 2 PACK - Top,14.99,"95% cotton, 5% elastane, Rib, Plain"
Monki,JOLINA - Basic T-shirt,7.79,"70% modal, 30% polyester, Jersey, Crew neck"
Esprit,BLOUSE - Top,25.99,"66% viscose, 34% polyester, Do not tumble dry, machine wash at 30°C, Machine wash on gentle cycle, Button"
Trendyol,Long sleeved top,11.39,"60% cotton, 35% polyester, 5% elastane, Jersey, Crew neck"
Abercrombie & Fitch,ICON VNECK TEE - Basic T-shirt,13.49,"60% cotton, 40% viscose, Jersey, Low-cut v-neck"
GAP,CREW - Basic T-shirt,12.99,"60% cotton, 40% modal, Jersey, Crew neck"
Anna Field,Long sleeved top,9.99,"95% cotton, 5% elastane, Jersey, Boat neck"
ONLY,ONLSONJA MIDA WRAP - Long sleeved top,17.99,"65% polyester, 30% viscose, 5% elastane, Jersey, Crew neck"
Esprit,STRIPE LONGSLEEVE - Long sleeved top,11.39,"100% cotton, Jersey, Crew neck"
ONLY,ONLNOVA LUX PARIS SINGLET - Top,12.99,"97% polyester, 3% elastane, Machine wash at 40°C, do not tumble dry, Floral"
TOM TAILOR,Long sleeved top - offwhite navy,22.99,"97% cotton, 3% elastane, Rib, Henley"
ONLY,ONLAYA BOATNECK - Long sleeved top,14.99,"47% cotton, 47% modal, 6% elastane, Jersey, Boat neck"
ARKET,T-shirt - Print T-shirt,13.19,"97% cotton, 3% elastane, Rib, Crew neck"
JDY,JDYAPPA EMMA SINGLET - Top,17.99,"100% polyester, Lace, satin, Low-cut v-neck"
Nike Sportswear,MOCK - Long sleeved top,20.99,"71% modal, 23% polyester, 6% elastane, Jersey, Polo neck"
Kaffe,DREANA - Print T-shirt,29.99,"100% cotton, Jersey, Semi-sheer"
GAP,BATEAU - Long sleeved top,15.59,"58% cotton, 39% modal, 3% elastane, Jersey, Boat neck"
Tommy Hilfiger Curve,REGULAR TEE - Print T-shirt,34.99,"100% cotton, Jersey, Crew neck"
Esprit,COO TEE - Long sleeved top,16.19,"100% cotton, Jersey, Crew neck"
GAP,BATEAU - Long sleeved top,21.99,"58% cotton, 39% modal, 3% elastane, Jersey, Boat neck"
Trendyol,Print T-shirt,7.69,"100% cotton, Jersey, Standing collar"
Abercrombie & Fitch,HENLEY - Basic T-shirt,21.99,"95% cotton, 5% elastane, Rib, Henley"
Vero Moda,VMAVA PLAIN - Basic T-shirt,11.99,"95% lyocell, 5% elastane, Jersey, Crew neck"
Opus,SICASO PRINT - Long sleeved top,rom £20.99,"97% viscose, 3% elastane, Jersey, Crew neck"
Weekday,NOVELLA SINGLET - Top,10.39,"87% viscose, 13% elastane, Rib, Low-cut v-neck"
EDITED,KATALINA - Top,34.99,"50% polyester, 50% cotton, Knit, Striped"
ONLY,ONLALBA - Blouse,14.99,"55% polyester, 35% polyamide, 10% elastane, Lace, Crew neck"
Weekday,PRIME - Basic T-shirt,11.99,"100% cotton, Jersey, Standing collar"
Pieces,PCCETE TEE - Print T-shirt,11.04,"100% cotton, Jersey, Crew neck"
s.Oliver,Print T-shirt - light blush,22.99,"100% cotton, Jersey, Crew neck"
Mavi,Top,10.99,"95% polyamide, 5% elastane, Rib, Square neck"
Lindex,TOM - Print T-shirt,14.99,"100% viscose, Jersey, Crew neck"
Anna Field,Long sleeved top,14.99,"95% cotton, 5% elastane, Rib, Henley"
Vero Moda,VMAVA PLAIN - Basic T-shirt,12.99,"95% lyocell, 5% elastane, Jersey, Crew neck"
Anna Field,Long sleeved top,8.44,"95% cotton, 5% elastane, Jersey, Low-cut v-neck"
ARKET,Long sleeved top,21.99,"45% cotton, 44% modal, 11% elastane, Jersey, Crew neck"
JDY,JDYKADY - Basic T-shirt,21.99,"80% viscose, 20% nylon, Rib, Crew neck"
JDY,JDYKADY - Basic T-shirt,21.99,"80% viscose, 20% nylon, Rib, Crew neck"
Vero Moda,VMPANDA DETAIL - Long sleeved top,18.69,"48% cotton, 48% modal, 4% elastane, Jersey, Crew neck"
Hollister Co.,BARE GRAPHIC BABY - Top,9.79,"95% cotton, 5% elastane, Jersey, Scoop neck"
Vero Moda,VMAVA PLAIN - Basic T-shirt,11.99,"95% lyocell, 5% elastane, Jersey, Crew neck"
Pieces Petite,PCNANNA - Long sleeved top,18.99,"95% cotton, 5% elastane, Rib, Crew neck"
InWear,DAGNA TANK - Top,34.99,"92% cotton, 8% elastane, Jersey, Rib, Crew neck"
Kaffe,AMBER BLOUSE - Blouse,24.99,"100% viscose, Low-cut v-neck, Plain"
GAP,HENLEY - Long sleeved top,13.19,"60% cotton, 40% modal, Rib, Henley"
ARKET,Top,14.99,"94% cotton, 6% elastane, Jersey, Backless"
Anna Field,Long sleeved top,10.79,"96% cotton, 4% elastane, Jersey, Crew neck"
Hollister Co.,TIMELESS - Print T-shirt,12.34,"60% cotton, 40% polyester, Jersey, Crew neck"
Vila,VICAVA SINGLET  - Top,21.99,"55% polyester, 45% viscose, Satin, Low-cut v-neck"
Tommy Jeans,TIMELESS TEE UNISEX - Print T-shirt,31.99,"100% cotton, Jersey, Crew neck"
Mango,Blouse,35.99,"100% cotton, Do not tumble dry, machine wash at 30°C, Dry cleanable"
Object,OBJROSALIA TANK - Top,23.99,"80% viscose, 20% nylon, Rib, Low-cut v-neck"
Vero Moda,VMNEELA - Blouse,18.59,"100% viscose, Do not tumble dry, machine wash at 30°C, Machine wash on gentle cycle, Button"
Diesel,JUST INLOGO UNISEX - Print T-shirt,44.99,"100% cotton, Jersey, Crew neck"
Monki,NONNA  - Long sleeved top,12.99,"95% cotton, 5% elastane, Rib, Square neck"
Anna Field,Basic T-shirt,11.99,"95% viscose, 5% elastane, Jersey, Low-cut v-neck"
Vero Moda,ROLLKRAGEN - Long sleeved top,10.79,"95% cotton, 5% elastane, Knit, Standing collar"
Esprit,NOOS CORE OCS  - Print T-shirt,11.99,"100% cotton, Do not tumble dry, 21.5 "" (Size S)"
Noisy May,NMHENLEY - Top,12.99,"95% viscose, 5% elastane, Machine wash at 30°C, Machine wash on gentle cycle, Do not bleach, Button"
Even&Odd,3 PACK - Top,23.99,"95% cotton, 5% elastane, Rib, Crew neck"
Nike Sportswear,TEE ICON FUTURA - Print T-shirt,19.99,"100% cotton, Jersey, Crew neck"
GAP,PINTUCK  - Top - navy,19.49,"100% viscose, Do not tumble dry, machine wash at 30°C, Machine wash on gentle cycle, Button"
edc by Esprit,CAP SLEEVE - Print T-shirt,17.99,"100% cotton, Jersey, Crew neck"
Kaffe,ANNA  - Basic T-shirt,22.99,"100% viscose, Jersey, V-neck"
Selected Femme,PERFECT - Basic T-shirt,14.99,"100% cotton, Jersey, Mandarin collar"
JDY,JDYDESHA - Top,17.99,"55% acrylic, 45% nylon, Knit, Scoop neck"
Esprit,Basic T-shirt,8.39,"100% cotton, Jersey, Crew neck"
Mango,CRUZ - Blouse,35.99,"100% cotton, Do not tumble dry, machine wash at 30°C, Dry cleanable"
Anna Field,Long sleeved top,11.99,"95% cotton, 5% elastane, Jersey, Low-cut v-neck"
ONLY,ONLSIMPLE LIFE BUTTON - Long sleeved top,8.99,"92% cotton, 8% elastane, Rib, Henley"
Anna Field MAMA,NURSING Basic T-shirt - Basic T-shirt,8.79,"95% cotton, 5% elastane, Jersey, Crew neck"
Polo Ralph Lauren,Print T-shirt,74.99,"100% cotton, Jersey, Crew neck"
Vila,VIESTELA CAMIS - Top,21.99,"55% viscose, 45% polyester, Lace, Backless"
Tommy Hilfiger,HERITAGE CREW NECK TEE - Basic T-shirt,rom £24.99,"100% cotton, Jersey, Crew neck"
Anna Field,MODERN TEE - Basic T-shirt,9.99,"95% cotton, 5% viscose, Jersey, Crew neck"
Re.draft,BLOUSE WITH DETAIL - Long sleeved top,34.99,"100% viscose, Do not tumble dry, machine wash at 30°C, Machine wash on gentle cycle, Semi-sheer"
GAP,BATEAU - Long sleeved top,14.39,"58% cotton, 39% modal, 3% elastane, Jersey, Boat neck"
Tommy Hilfiger,REGULAR TEE - Print T-shirt,27.99,"100% cotton, Jersey, Crew neck"
Vero Moda,VMLIV - Long sleeved top,17.99,"100% polyester, Do not tumble dry, machine wash at 30°C, Plain"
Anna Field,Blouse,17.99,"92% polyester, 8% elastane, 94% viscose, 6% elastane, Do not tumble dry, machine wash at 30°C, Machine wash on gentle cycle"
-,-,-,-
Anna Field,2 PACK - Top,10.49,"95% cotton, 5% elastane, Jersey, Scoop neck"
ONLY,ONLJOSEY V NECK  - Basic T-shirt,21.99,"93% viscose, 7% nylon, Do not tumble dry, machine wash at 30°C, Machine wash on gentle cycle, Mandarin collar"
JDY,JDYAPPA NEW SINGLET - Top,14.99,"100% polyester, Satin, Low-cut v-neck"
Monki,CLAUDIA - Long sleeved top,10.79,"70% modal, 30% polyester, Jersey, Crew neck"
GAP,FAV HENLEY - Long sleeved top,16.49,"60% cotton, 40% modal, Jersey, Henley"
Anna Field,Basic T-shirt,10.39,"95% viscose, 5% elastane, 100% polyamide, Do not tumble dry, machine wash at 30°C, Machine wash on gentle cycle"
Esprit,Long sleeved top,31.99,"95% viscose, 5% elastane, Jersey, Mandarin collar"
GANT,LOCK UP  - Print T-shirt,20.99,"100% cotton, Jersey, Crew neck"
Hollister Co.,Hoodie,14.29,"100% cotton, Jersey, Hood"
ONLY,ONLUMA LIFE  - Polo shirt,11.39,"95% cotton, 5% elastane, Rib, Polo shirt"
Pieces,PCINGRID - Print T-shirt,10.79,"79% polyester, 18% viscose, 3% elastane, Jersey, Crew neck"
Anna Field,Print T-shirt,12.99,"95% viscose, 5% elastane, Jersey, Polo neck"
Tommy Hilfiger,REGULAR CLASSIC - Long sleeved top,35.99,"100% cotton, Jersey, Low-cut v-neck"
ONLY,ONLNOVA LIFE - Blouse,14.99,"100% viscose, Do not tumble dry, machine wash at 30°C, Machine wash on gentle cycle, Plain"
Nike Sportswear,Print T-shirt,18.19,"100% cotton, Jersey, Crew neck"
Even&Odd Tall,Long sleeved top,8.99,"95% viscose, 5% elastane, Jersey, Standing collar"
New Look,BABYLOCK TEE - Long sleeved top - light pink,12.99,"95% cotton, 5% elastane, Rib, Standing collar"
Esprit Collection,Print T-shirt,28.99,"96% lyocell, 4% elastane, 100% polyester, Do not tumble dry, machine wash at 30°C, Machine wash on gentle cycle"
Anna Field,Basic T-shirt,15.99,"95% viscose, 5% elastane, Jersey, Low-cut v-neck"
Object,OBJZOE - Blouse,26.34,"100% viscose, 100% viscose, Crew neck"
edc by Esprit,CORE - Basic T-shirt,11.89,"100% cotton, Jersey, Crew neck"
Anna Field,Pussy bow blouse - Blouse,30.99,"100% polyester, Do not tumble dry, machine wash at 30°C, Machine wash on gentle cycle, Plain"
Tommy Hilfiger,NEW CREW NECK TEE - Basic T-shirt,rom £27.99,"100% cotton, Jersey, Crew neck"
Cotton On,KERR TANK 2 PACK - Top,10.19,"65% polyester, 32% cotton, 3% elastane, Rib, Backless"
Carin Wester,STORM - Basic T-shirt,15.39,"100% cotton, Jersey, Crew neck"
Even&Odd,Print T-shirt,9.59,"100% cotton, Jersey, Crew neck"
Even&Odd,2 PACK - Print T-shirt,15.99,"95% cotton, 5% elastane, Jersey, Cache-coeur"
Vero Moda,VMAVA PLAIN - Basic T-shirt,12.99,"95% lyocell, 5% elastane, Jersey, Crew neck"
Springfield,CAMISETA ELEFANTE - Print T-shirt,13.99,"100% cotton, Jersey, Crew neck"
Zign,Basic T-shirt,8.99,"95% viscose, 5% elastane, Jersey, Crew neck"
Anna Field,Top,10.99,"65% polyester, 30% viscose, 5% elastane, Rib, Square neck"
ONLY,ONLLUCY LIFE RANCH TOP BOX - Print T-shirt,10.49,"93% cotton, 5% polyester, 2% elastane, Jersey, Crew neck"
G-Star,EYBEN  SLIM - Basic T-shirt,19.99,"100% cotton, Jersey, Low-cut v-neck"
Vila,VIDILANA   - Top,13.19,"95% polyester, 5% elastane, Rib, Mandarin collar"
ONLY Petite,ONLMARY LIFE PETIT - Long sleeved top,11.99,"100% cotton, Jersey, Do not tumble dry, machine wash at 30°C, Machine wash on gentle cycle"
JDY,JDYSTARR LIFE STRAP SMOCK - Top,17.99,"100% viscose, Do not tumble dry, machine wash at 30°C, A shrinkage of up to 5% may occur, Machine wash on gentle cycle, Adjustable straps"
InWear,FAYLINN  - Basic T-shirt,34.99,"100% linen, Jersey, V-neck"
edc by Esprit,TEE - Print T-shirt,13.99,"100% cotton, Jersey, V-neck"
Anna Field,Basic T-shirt,6.99,"100% cotton, Jersey, Scoop neck"
Springfield,CAMISETA LOGO MARIPOSA - Print T-shirt,13.99,"95% cotton, 5% viscose, Jersey, Crew neck"
aerie,HENLEY TANK - Top,23.99,"60% cotton, 40% polyester, Rib, Henley"
Vila,VIPRISELLA  - Print T-shirt,14.39,"100% cotton, Jersey, Crew neck"
Vero Moda,VMAVA PLAIN - Basic T-shirt,12.99,"95% lyocell, 5% elastane, Jersey, Crew neck"
ONLY,ONLELCOS - Long sleeved top - light grey melange/black,17.99,"95% polyester, 5% elastane, Do not tumble dry, machine wash at 30°C, A shrinkage of up to 5% may occur, Marl"
Weekday,FLAVIA - Long sleeved top,21.59,"75% viscose, 25% polyamide, Rib, Henley"
Even&Odd,Print T-shirt,17.99,"100% cotton, Jersey, Crew neck"
Opus,SIPAY ROS - Print T-shirt,rom £34.99,"95% cotton, 5% elastane, Jersey, Crew neck"
Vero Moda,VMNELLFRANCIS BOX - Print T-shirt,9.09,"50% polyester, 50% viscose, Jersey, Crew neck"
Esprit,CORE - Print T-shirt,16.19,"100% cotton, Jersey, Crew neck"
ONLY,ONLJENNY LIFE PLEAT SLEEVE - Basic T-shirt,14.24,"95% polyester, 5% elastane, Jersey, Crew neck"
edc by Esprit,CORE - Print T-shirt,14.99,"100% cotton, Jersey, Crew neck"
Vero Moda Petite,VMMILLA SINGLET - Top,18.99,"100% polyester, Jersey, Low-cut v-neck"
Anna Field,Top,14.99,"95% cotton, 5% elastane, Rib, Square neck"
GAP,TANK - Top,9.09,"58% cotton, 38% polyester, 4% elastane, Rib, Scoop neck"
JDY,JDYBLOND - Top,12.99,"100% polyester, Lace, Standing collar"
Guess,MINI TRIANGLE - Basic T-shirt,19.49,"95% cotton, 5% elastane, Jersey, Crew neck"
Mango,OPENWORK  - Top,29.99,"100% cotton, Do not tumble dry, machine wash at 30°C"
Anna Field,3 PACK - Top,19.99,"95% cotton, 5% elastane, Jersey, Scoop neck"
Hollister Co.,Top,10.19,"100% viscose, Machine wash at 30°C, Floral"
Zign,Basic T-shirt,8.99,"95% viscose, 5% elastane, Jersey, Crew neck"
Anna Field,Long sleeved top,7.79,"96% cotton, 4% elastane, Jersey, Square neck"
Vero Moda,VMLAYLA - Basic T-shirt,11.39,"65% polyester, 30% viscose, 5% elastane, Rib, Scoop neck"
Trendyol,Print T-shirt,12.59,"100% cotton, Jersey, Crew neck"
Trendyol,VIZON - Basic T-shirt,11.19,"95% cotton, 5% elastane, Rib, Henley"
ONLY,ONLNICOLE LIFE MIX - Print T-shirt,13.99,"100% viscose, 100% polyester, Crew neck"
Soyaconcept,THILDE - Blouse,32.99,"100% polyester, 95% polyester, 5% elastane, Jersey"
JDY,JDYEBBA - Top,17.99,"64% polyester, 29% viscose, 7% elastane, Rib, Scoop neck"
Even&Odd,Print T-shirt,12.99,"100% cotton, Jersey, Crew neck"
ONLY,ONLKITA LIFE BADGES BOX  - Print T-shirt,9.74,"100% cotton, Jersey, Crew neck"
ONLY,ONLVIC - Print T-shirt,14.99,"97% polyester, 3% elastane, Machine wash at 40°C, do not tumble dry, Machine wash on gentle cycle, Zip"
Hollister Co.,ULTRA CROP CUT OUT - Long sleeved top,19.99,"56% cotton, 38% polyester, 6% elastane, Rib, Crew neck"
ONLY,ONLSPIRIT LUCY BOXY TEE - Print T-shirt,11.69,"93% cotton, 5% polyester, 2% elastane, Jersey, Crew neck"
adidas Originals,STRIPES TEE - Print T-shirt,rom £19.49,"100% cotton, Jersey, Crew neck"
Levi's®,THE PERFECT TEE - Print T-shirt,19.49,"100% cotton, Jersey, Print"
Anna Field,Basic T-shirt,9.99,"100% cotton, Jersey, Scoop neck"
JDY,JDYSTINNE - Print T-shirt,12.99,"65% polyester, 35% viscose, 92% nylon, 8% elastane, Do not tumble dry, machine wash at 30°C, Machine wash on gentle cycle"
Pepe Jeans,AMBERTA - Long sleeved top,22.94,"95% cotton, 5% elastane, Jersey, Crew neck"
-,-,-,-
Anna Field,Long sleeved top,8.99,"100% cotton, Jersey, Crew neck"
Even&Odd,2 PACK - Top,13.99,"95% cotton, 5% elastane, Rib, Crew neck"
Tommy Hilfiger,REGULAR BOX TEE - Print T-shirt,rom £29.99,"100% cotton, Jersey, Crew neck"
Rich & Royal,HEAVY LONGSLEEVE - Long sleeved top,34.99,"100% cotton, Jersey, Crew neck"
Anna Field,2 PACK - Top,10.99,"95% cotton, 5% elastane, Jersey, Scoop neck"
Kaffe,Long sleeved top,34.99,"95% viscose, 5% elastane, 92% polyamide, 8% elastane, Jersey, Lace"
-,-,-,-
Zign,CARDIGAN + TOP SET - Top,34.99,"81% viscose, 19% polyester, Rib, Crew neck"
Springfield,ESPECIAL - Polo shirt,17.99,"96% cotton, 4% elastane, Piqué, Machine wash at 30°C, Machine wash on gentle cycle"
Vila,VIDILANA   - Top,13.19,"95% polyester, 5% elastane, Rib, Mandarin collar"
Vero Moda,VMLEAH - Print T-shirt,21.99,"95% polyester, 5% elastane, Jersey, Crew neck"
Anna Field,3 PACK - Long sleeved top,20.79,"95% cotton, 5% elastane, Jersey, Crew neck"
Kaffe,KACALINA BLOUSE - Blouse,34.99,"100% viscose, 95% viscose, 5% elastane, Jersey"
Anna Field Tall,Long sleeved top,15.99,"95% cotton, 5% elastane, Rib, Cache-coeur"
Anna Field,Top,7.19,"95% cotton, 5% elastane, Rib, Scoop neck"
Vero Moda,VMFRANCA V NECK - Top,10.49,"62% polyester, 33% viscose, 5% elastane, Rib, Low-cut v-neck"
Nike Sportswear,TEE ICON - Long sleeved top,19.99,"100% cotton, Jersey, Crew neck"
More & More,BLOUSE NON SLEEVE - Top,rom £34.99,"100% polyester, 100% viscose, Do not tumble dry, machine wash at 30°C, Machine wash on gentle cycle"
Anna Field Curvy,Print T-shirt,12.99,"95% viscose, 5% elastane, Do not tumble dry, machine wash at 30°C, Machine wash on gentle cycle, Plain"
Monki,SIBYLLA - Polo shirt,13.19,"79% viscose, 17% polyester, 4% elastane, Rib, Polo shirt"
Monki,EDDA SINGLET 2 PACK - Top - orange/black dark solid,13.99,"95% cotton, 5% elastane, Rib, Crew neck"
Levi's®,POKEMON WOMEN'S POKEMON TEE - Print T-shirt,29.74,"100% cotton, Jersey, Crew neck"
Rich & Royal,LONGSLEEVE - Long sleeved top,45.49,"100% linen, 67% lyocell, 33% cotton, Do not tumble dry, machine wash at 30°C, Machine wash on gentle cycle"
GAP,TANK - Top,17.99,"58% cotton, 39% modal, 3% elastane, Jersey, Scoop neck"
Esprit,CORE - Basic T-shirt,11.99,"100% cotton, Jersey, Crew neck"
Esprit,TEE - Basic T-shirt,17.99,"50% cotton, 50% modal, Jersey, Crew neck"
Rosemunde,Top,43.99,"70% silk, 30% cotton, Rib, Scoop neck"
Esprit,SEQUINS TEE - Print T-shirt,23.39,"95% polyester, 5% elastane, 95% viscose, 5% elastane, Do not tumble dry, machine wash at 30°C, Machine wash on gentle cycle"
Nike Sportswear,Print T-shirt,21.99,"100% cotton, Jersey, Crew neck"
Trendyol,Print T-shirt,14.99,"92% viscose, 8% elastane, Jersey, Crew neck"
Vero Moda,VMINGE SINGLET 2 PACK  - Top,15.99,"95% cotton, 5% elastane, Jersey, Low-cut v-neck"
Esprit,CORE - Print T-shirt,13.99,"100% cotton, Jersey, Crew neck"
Anna Field Curvy,2 PACK - Top,9.79,"95% cotton, 5% elastane, Jersey, Scoop neck"
adidas Originals,Long sleeved top,32.49,"100% cotton, AD121D0VK-T11"
Even&Odd,Top,5.84,"95% cotton, 5% elastane, Rib, Low-cut v-neck"
Tommy Hilfiger,NEW TEE - Print T-shirt,29.74,"100% cotton, Jersey, Crew neck"
Anna Field,Top,12.99,"95% cotton, 5% elastane, Jersey, Crew neck"
NU-IN,CROPPED HALTERNECK - Top,25.99,"100% cotton, Low-cut v-neck, NUF21E00S-K11"
Even&Odd,3 PACK - Basic T-shirt,17.99,"100% cotton, Jersey, Crew neck"
Object,OBJWARINA  - Print T-shirt,25.99,"65% polyester, 35% viscose, Jersey, Crew neck"
ONLY,ONLVIC SOLID  - Print T-shirt,12.99,"97% polyester, 3% elastane, Machine wash at 40°C, do not tumble dry, Machine wash on gentle cycle, Zip"
Zign,Top,15.99,"95% cotton, 5% elastane, Rib, Standing collar"
Abercrombie & Fitch,CREW NECK 3 PACK - Basic T-shirt,42.99,"100% cotton, Jersey, Crew neck"
Anna Field,Basic T-shirt,15.99,"95% viscose, 5% elastane, 100% polyester, Do not tumble dry, machine wash at 30°C, Machine wash on gentle cycle"
Object,OBJTESSI SLUB V NECK - Basic T-shirt,18.99,"55% polyester, 45% viscose, Do not tumble dry, machine wash at 30°C, Do not bleach, OB121D072-B13"
YOURTURN,Print T-shirt,12.99,"100% cotton, Jersey, Crew neck"
ONLY,ONLTAMARA - Long sleeved top,23.99,"100% polyester, Machine wash at 40°C, do not tumble dry, Machine wash on gentle cycle, Button"
Esprit Collection,Print T-shirt,34.99,"100% viscose, 100% viscose, Scoop neck"
InWear,DAGNA TANK - Top,34.99,"92% cotton, 8% elastane, Jersey, Rib, Crew neck"
Esprit Collection,Basic T-shirt,28.99,"100% lyocell, Jersey, Low-cut v-neck"
NU-IN,CUTOUT TIE BACK - Long sleeved top,15.59,"60% lyocell, 40% cotton, Rib, Crew neck"
YOURTURN,UNISEX - Print T-shirt,12.99,"100% cotton, Jersey, Crew neck"
Esprit Collection,Top,28.99,"100% viscose, 100% viscose, Do not tumble dry, machine wash at 30°C, Machine wash on gentle cycle"
Frieda & Freddies,Print T-shirt,26.39,"95% cotton, 5% elastane, Jersey, Crew neck"
Anna Field,Long sleeved top,12.99,"95% viscose, 5% elastane, Jersey, Low-cut v-neck"
Vero Moda,VMETTY - Long sleeved top,31.49,"100% cotton, Do not tumble dry, machine wash at 30°C, A shrinkage of up to 5% may occur, Button"
Tommy Hilfiger,REGULAR CIRCLE TEE - Print T-shirt,32.99,"100% cotton, Jersey, Crew neck"
Marc O'Polo DENIM,LONGSLEEVE WITH ZIPPER SPECIAL COLLAR - Long sleeved top,43.99,"100% cotton, Rib, Zip neck"
InWear,ULRIKAIW - Top,44.99,"98% polyester, 2% elastane, Do not tumble dry, machine wash at 30°C, A shrinkage of up to 5% may occur, Machine wash on gentle cycle, Semi-sheer"
More & More,Top,34.99,"69% cotton, 28% polyamide, 3% elastane, Do not tumble dry, machine wash at 30°C, Standing collar"
Cotton On,CLASSIC LED ZEPPELIN - Print T-shirt,14.99,"100% cotton, Jersey, Crew neck"
G-Star,SLIM FIT TULIP TEE - Print T-shirt,24.99,"100% cotton, Jersey, Crew neck"
Moss Copenhagen,ALVA TEE - Print T-shirt,21.99,"100% cotton, Jersey, Crew neck"
Anna Field,Long sleeved top,9.59,"95% viscose, 5% elastane, Jersey, Boat neck"
mbyM,NOVITA - Top,44.99,"97% polyethylene, 3% elastane, Square neck, Checked"
Massimo Dutti,Long sleeved top,39.95,"48% lyocell, 39% cotton, 10% wool, 3% elastane, Rib, Plain"
Tommy Hilfiger,ESSENTIAL - Polo shirt,39.99,"96% cotton, 4% elastane, Piqué, Polo shirt"
Even&Odd,SWEETHEART NECKLINE SLEEVELESS CROP - Top,9.59,"97% polyester, 3% elastane, 100% polyester, Do not tumble dry, machine wash at 30°C"
Esprit,Print T-shirt,24.99,"98% cotton, 2% metal, Jersey, Crew neck"
Kaffe,GEISA BLOUSE - Blouse,34.99,"100% viscose, Low-cut v-neck, Print"
ONLY,ONLFIRST LIFE TUNIC - Blouse,21.99,"51% cotton, 32% viscose, 17% polyester, Do not tumble dry, machine wash at 30°C, A shrinkage of up to 5% may occur, Machine wash on gentle cycle, Plain"
Abercrombie & Fitch,ICON HENLEY 3 PACK - Basic T-shirt,59.99,"95% cotton, 5% elastane, Rib, Henley"
Vero Moda Petite,VMFILLI SINGLET - Top,14.99,"70% modal, 30% polyester, Jersey, Scoop neck"
Esprit,TEE PRINT - Print T-shirt,17.99,"100% cotton, Jersey, Crew neck"
Ted Baker,LEHOO - Print T-shirt,39.19,"86% viscose, 14% polyester, Jersey, Crew neck"
Nike Sportswear,TANK - Top,19.49,"92% cotton, 8% elastane, Jersey, Crew neck"
Soyaconcept,SC-THILDE - Blouse,23.99,"100% polyester, 95% viscose, 5% elastane, Do not tumble dry, machine wash at 30°C"
JDY,JDYNANNA - Top,17.99,"80% viscose, 20% nylon, Rib, Backless"
Anna Field,Basic T-shirt,9.99,"100% cotton, Jersey, Low-cut v-neck"
Massimo Dutti,MIT KASTENAUSSCHNITT - Top,44.95,"90% cupro, 10% elastane, 97% cupro, 3% elastane, M3I21E0LL-M11"
ONLY,ONLFIRST LIFE TUNIC - Blouse,21.99,"51% cotton, 32% viscose, 17% polyester, Do not tumble dry, machine wash at 30°C, A shrinkage of up to 5% may occur, Machine wash on gentle cycle, Plain"
Abercrombie & Fitch,ICON HENLEY 3 PACK - Basic T-shirt,59.99,"95% cotton, 5% elastane, Rib, Henley"
Vero Moda Petite,VMFILLI SINGLET - Top,14.99,"70% modal, 30% polyester, Jersey, Scoop neck"
Esprit,TEE PRINT - Print T-shirt,17.99,"100% cotton, Jersey, Crew neck"
Ted Baker,LEHOO - Print T-shirt,39.19,"86% viscose, 14% polyester, Jersey, Crew neck"
-,-,-,-
Nike Sportswear,TANK - Top,19.49,"92% cotton, 8% elastane, Jersey, Crew neck"
Soyaconcept,SC-THILDE - Blouse,23.99,"100% polyester, 95% viscose, 5% elastane, Do not tumble dry, machine wash at 30°C"
JDY,JDYBLOND - Top,12.99,"100% polyester, Lace, Standing collar"
JDY,JDYNANNA - Top,17.99,"80% viscose, 20% nylon, Rib, Backless"
Anna Field,Basic T-shirt,9.99,"100% cotton, Jersey, Low-cut v-neck"
Massimo Dutti,MIT KASTENAUSSCHNITT - Top,44.95,"90% cupro, 10% elastane, 97% cupro, 3% elastane, M3I21E0LL-M11"
-,-,-,-
Even&Odd,Print T-shirt,11.69,"100% cotton, Jersey, Crew neck"
Anna Field,Basic T-shirt,7.79,"95% viscose, 5% elastane, Jersey, Crew neck"
Hollister Co.,TIMELESS - Print T-shirt,11.39,"60% cotton, 40% polyester, Jersey, Crew neck"
Springfield,GYM LICENCIA MINNIE HAWAII - Print T-shirt,15.99,"100% cotton, Jersey, Crew neck"
Anna Field,5 PACK - Top,25.99,"95% cotton, 5% elastane, Jersey, Scoop neck"
Anna Field,Pussy bow blouse - Blouse,30.99,"100% polyester, Satin, Shawl collar"
New Look,ROLL NECK - Long sleeved top,11.04,"48% polyester, 48% viscose, 4% elastane, Rib, Polo neck"
Weekday,SENA TIE DYE LONG SLEEVE - Long sleeved top,19.79,"58% cotton, 37% modal, 5% elastane, Jersey, Crew neck"
JDY,JDYDODO - Top,12.99,"65% polyester, 35% viscose, Jersey, Scoop neck"
Anna Field Curvy,Long sleeved top,15.59,"100% polyester, Do not tumble dry, machine wash at 30°C, Machine wash on gentle cycle, Semi-sheer"
Juicy Couture,BABE BOOBTUBE - Top,29.99,"95% polyester, 5% elastane, Velvet/velour, Print"
Vero Moda,VMKATNISS BUTTON - Top,17.99,"100% polyester, 100% polyester, Do not tumble dry, machine wash at 30°C, Machine wash on gentle cycle"
edc by Esprit,TEE - Print T-shirt,13.99,"100% cotton, Jersey, V-neck"
Even&Odd,Top,8.99,"95% cotton, 5% elastane, Jersey, Low-cut v-neck"
Esprit,COO TEE - Print T-shirt,17.99,"100% cotton, Jersey, Crew neck"
Anna Field,3 PACK - Top,19.99,"95% cotton, 5% elastane, Jersey, Scoop neck"
Object,OBJJAMIE - Top,21.99,"52% lyocell, 43% viscose, 5% elastane, Rib, Crew neck"
Levi's®,TEE UNISEX - Print T-shirt,20.79,"100% cotton, Jersey, Print"
Cotton On,THE CREW - Print T-shirt,rom £8.99,"100% cotton, Jersey, Crew neck"
Banana Republic,THREADSOFT WRAP - Long sleeved top,34.99,"67% modal, 29% polyester, 4% elastane, Jersey, Cache-coeur"
Envii,ENALLY - Long sleeved top,31.99,"92% cotton, 8% elastane, Rib, Cache-coeur"
Cotton On,THE DEEP  - Basic T-shirt,8.99,"100% cotton, Jersey, Low-cut v-neck"
GAP,HENLEY - Long sleeved top,16.49,"60% cotton, 40% modal, Jersey, Henley"
Anna Field,T-SHIRT-LINEN BLEND - Print T-shirt,12.79,"50% linen, 50% viscose, Jersey, Scoop neck"
Weekday,PRIME - Basic T-shirt,11.99,"100% cotton, Jersey, Standing collar"
Culture,KAJSA - Basic T-shirt,rom £29.99,"70% modal, 30% polyester, Jersey, Plain"
Culture,BLOUSE - Long sleeved top,44.99,"95% viscose, 5% elastane, Jersey, Lace, Backless"
Weekday,MARGERIE LONG SLEEVE - Long sleeved top,15.59,"94% polyester, 6% elastane, Do not tumble dry, machine wash at 30°C, Machine wash on gentle cycle, Print"
Anna Field,Long sleeved top,12.99,"95% cotton, 5% elastane, Rib, Boat neck"
Morgan,DIETER - Basic T-shirt,16.79,"74% polyamide, 26% elastane, 100% polyamide, Do not tumble dry, machine wash at 30°C, Machine wash on gentle cycle"
Even&Odd,Basic T-shirt,10.99,"95% cotton, 5% elastane, Jersey, Crew neck"
Even&Odd,Print T-shirt,15.99,"100% cotton, Jersey, Crew neck"
InWear,FAYLINN  - Basic T-shirt,34.99,"100% linen, Jersey, Low-cut v-neck"
ONLY Petite,ONLNILLE COLLAR - Print T-shirt,17.09,"63% polyester, 33% viscose, 4% elastane, Jersey, Peter Pan collar"
Trendyol,VIZON - Basic T-shirt,15.99,"95% cotton, 5% elastane, Rib, Henley"
Calvin Klein Jeans,TONAL MONOGRAM TEE - Print T-shirt,29.99,"100% cotton, Jersey, Crew neck"
Esprit Collection,BLOCK TEE - Print T-shirt,30.99,"100% viscose, 100% viscose, Do not tumble dry, machine wash at 30°C, Machine wash on gentle cycle"
NU-IN,NU-IN X AMALIE STAR CROPPED BABY FIT - Basic T-shirt,17.99,"64% lyocell, 32% cotton, 4% elastane, Jersey, Crew neck"
Zign,Top,6.59,"50% polyester, 50% cotton, Jersey, Crew neck"
Nike Sportswear,CROP - Long sleeved top,25.99,"57% cotton, 43% polyester, Jersey, Standing collar"
ONLY,ONLVIC SOLID  - Print T-shirt,13.99,"97% polyester, 3% elastane, Do not tumble dry, machine wash at 30°C, A shrinkage of up to 5% may occur, Zip"
Culture,KAJSA - Basic T-shirt,29.99,"70% modal, 30% polyester, Jersey, Crew neck"
Calvin Klein Jeans,CENSORED TEE - Print T-shirt,29.99,"100% cotton, Jersey, Crew neck"
Object,OBJEILEEN VNECK - Blouse,34.99,"60% viscose, 40% polyester, Do not tumble dry, machine wash at 30°C, Machine wash on gentle cycle, Plain"
Zign,Top,10.99,"95% cotton, 5% elastane, Rib, V-neck"
Vero Moda,VMKALI - Blouse,18.99,"85% polyester, 15% linen, Knit, Low-cut v-neck"
InWear,VINCENT KARMEN - Basic T-shirt,39.99,"53% polyester, 43% modal, 4% elastane, Sweat, Crew neck"
Tommy Hilfiger,CREW NECK GRAPHIC TEE - Print T-shirt,23.99,"100% cotton, Jersey, Crew neck"
YOURTURN,UNISEX - Basic T-shirt,5.39,"100% cotton, Jersey, Crew neck"
VILA PETITE,VIMESA - Print T-shirt,25.99,"100% viscose, Do not tumble dry, machine wash at 30°C, Machine wash on gentle cycle, Button"
Calvin Klein Jeans,MICRO BRANDING STRETCH MOCK NECK - Print T-shirt,23.99,"95% cotton, 5% elastane, Jersey, Standing collar"
Marc O'Polo,SHORT SLEEVE BOAT NECK - Basic T-shirt,rom £30.99,"100% cotton, Jersey, Boat neck"
Anna Field,Long sleeved top,17.99,"96% cotton, 4% elastane, Jersey, Boat neck"
Kaffe,KACALINA BLOUSE - Blouse,34.99,"100% viscose, 95% viscose, 5% elastane, Jersey"
Anna Field,Basic T-shirt,10.99,"95% cotton, 5% elastane, Jersey, Crew neck"
Levi's®,PRIDE RELAXED GRAPHIC TANK UNISEX - Top,10.79,"100% cotton, Jersey, Crew neck"
Anna Field,Long sleeved top,10.99,"95% cotton, 5% elastane, Jersey, Boat neck"
Cotton On,CARA GRAPHIC CROP - Print T-shirt,14.99,"60% cotton, 40% polyester, Jersey, Crew neck"
Zign,Print T-shirt,14.99,"100% viscose, Jersey, Scoop neck"
Lauren Ralph Lauren,Basic T-shirt,33.99,"94% cotton, 6% elastane, Jersey, Boat neck"
Anna Field Curvy,Print T-shirt,14.99,"95% viscose, 5% elastane, 90% polyamide, 10% elastane, Do not tumble dry, machine wash at 30°C, Machine wash on gentle cycle"
JDY,JDYSHANDIE LIFE 2 PACK - Top,21.99,"95% cotton, 5% elastane, Rib, Scoop neck"
Esprit Collection,Basic T-shirt,28.99,"100% lyocell, Jersey, Low-cut v-neck"
Ted Baker,LYLIE - Print T-shirt,43.99,"100% lyocell, Hand wash only, Floral"
Anna Field,3 PACK - Basic T-shirt,19.99,"95% cotton, 5% elastane, Jersey, Scoop neck"
Tommy Jeans,SHORTSLEEVE STRETCH TEE - Basic T-shirt,29.99,"95% cotton, 5% elastane, Jersey, Low-cut v-neck"
Calvin Klein Jeans Plus,PLUS LARGE TUNIC TEE - Print T-shirt,44.99,"100% cotton, Jersey, Crew neck"
JDY,JDYDODO - Top,12.99,"65% polyester, 35% viscose, 100% cotton, Do not tumble dry, machine wash at 30°C, Machine wash on gentle cycle, Colour may run - please wash separately"
Anna Field,TOP-LINEN BLEND - Top,9.79,"50% linen, 50% viscose, Jersey, Scoop neck"
JDY,JDYFRULLA SMOCK STRAP - Top,14.99,"65% polyester, 35% cotton, Jersey, Plain"
Even&Odd Petite,2 PACK - Top,12.99,"95% cotton, 5% elastane, Rib, Crew neck"
Anna Field,3 PACK - Top,15.99,"95% cotton, 5% elastane, Jersey, Scoop neck"
Noisy May,NMMAX LED ZEPPELIN WASHED - Top,18.99,"100% cotton, Jersey, Crew neck"
NU-IN,CUTOUT TIE BACK - Long sleeved top,15.59,"60% lyocell, 40% cotton, Rib, Crew neck"
Anna Field,2 PACK  - Basic T-shirt,14.99,"95% cotton, 5% elastane, Jersey, Scoop neck"
YOURTURN,UNISEX - Print T-shirt,12.99,"100% cotton, Jersey, Crew neck"
Esprit,CORE - Long sleeved top,15.29,"100% cotton, Jersey, Boat neck"
Esprit Collection,Top,28.99,"100% viscose, 100% viscose, Do not tumble dry, machine wash at 30°C, Machine wash on gentle cycle"
-,-,-,-
Mango,DANA-I - Polo shirt,35.99,"100% cotton, Knit, Polo shirt"
Frieda & Freddies,Print T-shirt,26.39,"95% cotton, 5% elastane, Jersey, Crew neck"
Anna Field,Long sleeved top,12.99,"95% viscose, 5% elastane, Jersey, Low-cut v-neck"
Vero Moda,VMETTY - Long sleeved top,31.49,"100% cotton, Do not tumble dry, machine wash at 30°C, A shrinkage of up to 5% may occur, Button"
Tommy Hilfiger,REGULAR CIRCLE TEE - Print T-shirt,32.99,"100% cotton, Jersey, Crew neck"
Marc O'Polo DENIM,LONGSLEEVE WITH ZIPPER SPECIAL COLLAR - Long sleeved top,43.99,"100% cotton, Rib, Zip neck"
-,-,-,-
InWear,ULRIKAIW - Top,44.99,"98% polyester, 2% elastane, Do not tumble dry, machine wash at 30°C, A shrinkage of up to 5% may occur, Machine wash on gentle cycle, Semi-sheer"
More & More,Top,34.99,"69% cotton, 28% polyamide, 3% elastane, Do not tumble dry, machine wash at 30°C, Standing collar"
Cotton On,CLASSIC LED ZEPPELIN - Print T-shirt,14.99,"100% cotton, Jersey, Crew neck"
Even&Odd,2 PACK  - Top,13.19,"95% viscose, 5% elastane, Jersey, Backless"
G-Star,SLIM FIT TULIP TEE - Print T-shirt,24.99,"100% cotton, Jersey, Crew neck"
Monki,SAMINA - Long sleeved top,11.69,"97% cotton, 3% elastane, Rib, Standing collar"
Moss Copenhagen,ALVA TEE - Print T-shirt,21.99,"100% cotton, Jersey, Crew neck"
CAPSULE by Simply Be,FLORAL - Top,6.99,"100% polyester, Machine wash at 40°C, do not tumble dry, Machine wash on gentle cycle, Floral"
Anna Field,3 PACK - Basic T-shirt,15.39,"50% cotton, 50% modal, Jersey, Crew neck"
Anna Field,Long sleeved top,9.59,"95% viscose, 5% elastane, Jersey, Boat neck"
-,-,-,-
mbyM,NOVITA - Top,44.99,"97% polyethylene, 3% elastane, Square neck, Checked"
Massimo Dutti,Long sleeved top,39.95,"48% lyocell, 39% cotton, 10% wool, 3% elastane, Rib, Plain"
Tommy Hilfiger,ESSENTIAL - Polo shirt,39.99,"96% cotton, 4% elastane, Piqué, Polo shirt"
Vero Moda,VMMILLA BUTTON - Top,17.99,"95% polyester, 5% elastane, Jersey, Crew neck"
Even&Odd,SWEETHEART NECKLINE SLEEVELESS CROP - Top,9.59,"97% polyester, 3% elastane, 100% polyester, Do not tumble dry, machine wash at 30°C"
Esprit,Print T-shirt,24.99,"98% cotton, 2% metal, Jersey, Crew neck"
Kaffe,GEISA BLOUSE - Blouse,34.99,"100% viscose, Low-cut v-neck, Print"
ONLY,ONLFIRST LIFE TUNIC - Blouse,21.99,"51% cotton, 32% viscose, 17% polyester, Do not tumble dry, machine wash at 30°C, A shrinkage of up to 5% may occur, Machine wash on gentle cycle, Plain"
Abercrombie & Fitch,ICON HENLEY 3 PACK - Basic T-shirt,59.99,"95% cotton, 5% elastane, Rib, Henley"
ONLY,ONLMUPPETS LIFE OVERSIZE - Print T-shirt,8.99,"100% cotton, Jersey, Crew neck"
Vero Moda Petite,VMFILLI SINGLET - Top,14.99,"70% modal, 30% polyester, Jersey, Scoop neck"
Esprit,TEE PRINT - Print T-shirt,17.99,"100% cotton, Jersey, Crew neck"
Ted Baker,LEHOO - Print T-shirt,39.19,"86% viscose, 14% polyester, Jersey, Crew neck"
Nike Sportswear,TANK - Top,19.49,"92% cotton, 8% elastane, Jersey, Crew neck"
Soyaconcept,SC-THILDE - Blouse,23.99,"100% polyester, 95% viscose, 5% elastane, Do not tumble dry, machine wash at 30°C"
JDY,JDYBLOND - Top,12.99,"100% polyester, Lace, Standing collar"
JDY,JDYNANNA - Top,17.99,"80% viscose, 20% nylon, Rib, Backless"
Anna Field,Basic T-shirt,9.99,"100% cotton, Jersey, Low-cut v-neck"
Massimo Dutti,MIT KASTENAUSSCHNITT - Top,44.95,"90% cupro, 10% elastane, 97% cupro, 3% elastane, M3I21E0LL-M11"
Even&Odd,Print T-shirt,11.69,"100% cotton, Jersey, Crew neck"
Anna Field,Basic T-shirt,7.79,"95% viscose, 5% elastane, Jersey, Crew neck"
Hollister Co.,TIMELESS - Print T-shirt,11.39,"60% cotton, 40% polyester, Jersey, Crew neck"
Springfield,GYM LICENCIA MINNIE HAWAII - Print T-shirt,15.99,"100% cotton, Jersey, Crew neck"
Anna Field,Pussy bow blouse - Blouse,30.99,"100% polyester, Satin, Shawl collar"
Even&Odd,Basic T-shirt,7.79,"100% cotton, Jersey, Crew neck"
Weekday,SENA TIE DYE LONG SLEEVE - Long sleeved top,19.79,"58% cotton, 37% modal, 5% elastane, Jersey, Crew neck"
Anna Field Curvy,Long sleeved top,15.59,"100% polyester, Do not tumble dry, machine wash at 30°C, Machine wash on gentle cycle, Semi-sheer"
Anna Field,Print T-shirt,12.99,"100% cotton, Jersey, Crew neck"
edc by Esprit,TEE - Print T-shirt,13.99,"100% cotton, Jersey, V-neck"
Esprit,COO TEE - Print T-shirt,17.99,"100% cotton, Jersey, Crew neck"
Object,OBJJAMIE - Top,21.99,"52% lyocell, 43% viscose, 5% elastane, Rib, Crew neck"
Cotton On,THE CREW - Print T-shirt,rom £8.99,"100% cotton, Jersey, Crew neck"
Banana Republic,THREADSOFT WRAP - Long sleeved top,34.99,"67% modal, 29% polyester, 4% elastane, Jersey, Cache-coeur"
adidas Originals,STRIPES TEE - Print T-shirt,rom £19.49,"100% cotton, AD121D0T2-G11"
Envii,ENALLY - Long sleeved top,31.99,"92% cotton, 8% elastane, Rib, Cache-coeur"
Cotton On,THE DEEP  - Basic T-shirt,8.99,"100% cotton, Jersey, Low-cut v-neck"
GAP,HENLEY - Long sleeved top,16.49,"60% cotton, 40% modal, Jersey, Henley"
Weekday,PRIME - Basic T-shirt,11.99,"100% cotton, Jersey, Standing collar"
Even&Odd,2 PACK - Top,15.99,"95% cotton, 5% elastane, Rib, Scoop neck"
G-Star,GSRAW KNOT  - Print T-shirt,34.99,"100% cotton, Jersey, Crew neck"
Culture,BLOUSE - Long sleeved top,44.99,"95% viscose, 5% elastane, Jersey, Lace, Backless"
Anna Field,Long sleeved top,12.99,"95% cotton, 5% elastane, Rib, Boat neck"
Morgan,DIETER - Basic T-shirt,16.79,"74% polyamide, 26% elastane, 100% polyamide, Do not tumble dry, machine wash at 30°C, Machine wash on gentle cycle"
Even&Odd,Basic T-shirt,10.99,"95% cotton, 5% elastane, Jersey, Crew neck"
Even&Odd,Print T-shirt,15.99,"100% cotton, Jersey, Crew neck"
InWear,FAYLINN  - Basic T-shirt,34.99,"100% linen, Jersey, Low-cut v-neck"
ONLY Petite,ONLNILLE COLLAR - Print T-shirt,17.09,"63% polyester, 33% viscose, 4% elastane, Jersey, Peter Pan collar"
Trendyol,VIZON - Basic T-shirt,15.99,"95% cotton, 5% elastane, Rib, Henley"
Calvin Klein Jeans,TONAL MONOGRAM TEE - Print T-shirt,29.99,"100% cotton, Jersey, Crew neck"
Esprit Collection,BLOCK TEE - Print T-shirt,30.99,"100% viscose, 100% viscose, Do not tumble dry, machine wash at 30°C, Machine wash on gentle cycle"
NU-IN,NU-IN X AMALIE STAR CROPPED BABY FIT - Basic T-shirt,17.99,"64% lyocell, 32% cotton, 4% elastane, Jersey, Crew neck"
Zign,Top,6.59,"50% polyester, 50% cotton, Jersey, Crew neck"
Nike Sportswear,CROP - Long sleeved top,25.99,"57% cotton, 43% polyester, Jersey, Standing collar"
ONLY,ONLVIC SOLID  - Print T-shirt,13.99,"97% polyester, 3% elastane, Do not tumble dry, machine wash at 30°C, A shrinkage of up to 5% may occur, Zip"
Culture,KAJSA - Basic T-shirt,29.99,"70% modal, 30% polyester, Jersey, Crew neck"
Calvin Klein Jeans,CENSORED TEE - Print T-shirt,29.99,"100% cotton, Jersey, Crew neck"
Object,OBJEILEEN VNECK - Blouse,34.99,"60% viscose, 40% polyester, Do not tumble dry, machine wash at 30°C, Machine wash on gentle cycle, Plain"
Anna Field,2 PACK - Top,10.39,"95% cotton, 5% elastane, Jersey, Low-cut v-neck"
Zign,Top,10.99,"95% cotton, 5% elastane, Rib, V-neck"
Vero Moda,VMKALI - Blouse,18.99,"85% polyester, 15% linen, Knit, Low-cut v-neck"
InWear,VINCENT KARMEN - Basic T-shirt,39.99,"53% polyester, 43% modal, 4% elastane, Sweat, Crew neck"
Tommy Hilfiger,CREW NECK GRAPHIC TEE - Print T-shirt,23.99,"100% cotton, Jersey, Crew neck"
YOURTURN,UNISEX - Basic T-shirt,5.39,"100% cotton, Jersey, Crew neck"
Ted Baker,LEHOO - Print T-shirt,39.19,"86% viscose, 14% polyester, Jersey, Crew neck"
Nike Sportswear,TANK - Top,19.49,"92% cotton, 8% elastane, Jersey, Crew neck"
JDY,JDYNANNA - Top,17.99,"80% viscose, 20% nylon, Rib, Backless"
Anna Field,Basic T-shirt,9.99,"100% cotton, Jersey, Low-cut v-neck"
Massimo Dutti,MIT KASTENAUSSCHNITT - Top,44.95,"90% cupro, 10% elastane, 97% cupro, 3% elastane, M3I21E0LL-M11"
-,-,-,-
Anna Field,2 PACK  - Basic T-shirt,14.99,"95% cotton, 5% elastane, Jersey, Scoop neck"
Even&Odd,Print T-shirt,11.69,"100% cotton, Jersey, Crew neck"
Anna Field,Basic T-shirt,7.79,"95% viscose, 5% elastane, Jersey, Crew neck"
Hollister Co.,TIMELESS - Print T-shirt,11.39,"60% cotton, 40% polyester, Jersey, Crew neck"
Springfield,GYM LICENCIA MINNIE HAWAII - Print T-shirt,15.99,"100% cotton, Jersey, Crew neck"
Even&Odd,Basic T-shirt,7.79,"100% cotton, Jersey, Crew neck"
-,-,-,-
Weekday,SENA TIE DYE LONG SLEEVE - Long sleeved top,19.79,"58% cotton, 37% modal, 5% elastane, Jersey, Crew neck"
Anna Field Curvy,Long sleeved top,15.59,"100% polyester, Do not tumble dry, machine wash at 30°C, Machine wash on gentle cycle, Semi-sheer"
Lauren Ralph Lauren,Print T-shirt,42.99,"94% cotton, 6% elastane, Jersey, Boat neck"
Anna Field,Print T-shirt,12.99,"100% cotton, Jersey, Crew neck"
edc by Esprit,TEE - Print T-shirt,13.99,"100% cotton, Jersey, V-neck"
Anna Field,Long sleeved top,14.99,"95% cotton, 5% elastane, Jersey, Backless"
Esprit,COO TEE - Print T-shirt,17.99,"100% cotton, Jersey, Crew neck"
Object,OBJJAMIE - Top,21.99,"52% lyocell, 43% viscose, 5% elastane, Rib, Crew neck"
Cotton On,THE CREW - Print T-shirt,rom £8.99,"100% cotton, Jersey, Crew neck"
Banana Republic,THREADSOFT WRAP - Long sleeved top,34.99,"67% modal, 29% polyester, 4% elastane, Jersey, Cache-coeur"
adidas Originals,STRIPES TEE - Print T-shirt,rom £19.49,"100% cotton, AD121D0T2-G11"
Envii,ENALLY - Long sleeved top,31.99,"92% cotton, 8% elastane, Rib, Cache-coeur"
Cotton On,THE DEEP  - Basic T-shirt,8.99,"100% cotton, Jersey, Low-cut v-neck"
Diesel,BABE TANK - Top,29.99,"95% cotton, 5% elastane, Rib, Scoop neck"
GAP,HENLEY - Long sleeved top,16.49,"60% cotton, 40% modal, Jersey, Henley"
Weekday,PRIME - Basic T-shirt,11.99,"100% cotton, Jersey, Standing collar"
Even&Odd,2 PACK - Top,15.99,"95% cotton, 5% elastane, Rib, Scoop neck"
G-Star,GSRAW KNOT  - Print T-shirt,34.99,"100% cotton, Jersey, Crew neck"
Culture,BLOUSE - Long sleeved top,44.99,"95% viscose, 5% elastane, Jersey, Lace, Backless"
Anna Field,Long sleeved top,12.99,"95% cotton, 5% elastane, Rib, Boat neck"
Morgan,DIETER - Basic T-shirt,16.79,"74% polyamide, 26% elastane, 100% polyamide, Do not tumble dry, machine wash at 30°C, Machine wash on gentle cycle"
Even&Odd,Basic T-shirt,10.99,"95% cotton, 5% elastane, Jersey, Crew neck"
More & More,Top,34.99,"69% cotton, 28% polyamide, 3% elastane, Do not tumble dry, machine wash at 30°C, Standing collar"
Even&Odd,Print T-shirt,15.99,"100% cotton, Jersey, Crew neck"
InWear,FAYLINN  - Basic T-shirt,34.99,"100% linen, Jersey, Low-cut v-neck"
ONLY Petite,ONLNILLE COLLAR - Print T-shirt,17.09,"63% polyester, 33% viscose, 4% elastane, Jersey, Peter Pan collar"
Even&Odd,Print T-shirt,12.99,"100% cotton, Jersey, Crew neck"
Trendyol,VIZON - Basic T-shirt,15.99,"95% cotton, 5% elastane, Rib, Henley"
Calvin Klein Jeans,TONAL MONOGRAM TEE - Print T-shirt,29.99,"100% cotton, Jersey, Crew neck"
Esprit Collection,BLOCK TEE - Print T-shirt,30.99,"100% viscose, 100% viscose, Do not tumble dry, machine wash at 30°C, Machine wash on gentle cycle"
NU-IN,NU-IN X AMALIE STAR CROPPED BABY FIT - Basic T-shirt,17.99,"64% lyocell, 32% cotton, 4% elastane, Jersey, Crew neck"
Zign,Top,6.59,"50% polyester, 50% cotton, Jersey, Crew neck"
ONLY,ONLVIC SOLID  - Print T-shirt,13.99,"97% polyester, 3% elastane, Do not tumble dry, machine wash at 30°C, A shrinkage of up to 5% may occur, Zip"
Culture,KAJSA - Basic T-shirt,29.99,"70% modal, 30% polyester, Jersey, Crew neck"
Calvin Klein Jeans,CENSORED TEE - Print T-shirt,29.99,"100% cotton, Jersey, Crew neck"
Object,OBJEILEEN VNECK - Blouse,34.99,"60% viscose, 40% polyester, Do not tumble dry, machine wash at 30°C, Machine wash on gentle cycle, Plain"
Anna Field,2 PACK - Top,10.39,"95% cotton, 5% elastane, Jersey, Low-cut v-neck"
Zign,Top,10.99,"95% cotton, 5% elastane, Rib, V-neck"
Vero Moda,VMKALI - Blouse,18.99,"85% polyester, 15% linen, Knit, Low-cut v-neck"
InWear,VINCENT KARMEN - Basic T-shirt,39.99,"53% polyester, 43% modal, 4% elastane, Sweat, Crew neck"
Tommy Hilfiger,CREW NECK GRAPHIC TEE - Print T-shirt,23.99,"100% cotton, Jersey, Crew neck"
Anna Field,Print T-shirt,10.99,"100% cotton, Jersey, Crew neck"
YOURTURN,UNISEX - Basic T-shirt,5.39,"100% cotton, Jersey, Crew neck"
VILA PETITE,VIMESA - Print T-shirt,25.99,"100% viscose, Do not tumble dry, machine wash at 30°C, Machine wash on gentle cycle, Button"
Calvin Klein Jeans,MICRO BRANDING STRETCH MOCK NECK - Print T-shirt,23.99,"95% cotton, 5% elastane, Jersey, Standing collar"
adidas Originals,STRIPE UNISEX - Print T-shirt,23.19,"100% cotton, Jersey, Crew neck"
Lauren Ralph Lauren,ATHLEISURE  - Polo shirt,59.99,"97% cotton, 3% elastane, Piqué, Polo shirt"
Anna Field,Long sleeved top,17.99,"96% cotton, 4% elastane, Jersey, Boat neck"
Anna Field,Basic T-shirt,10.99,"95% cotton, 5% elastane, Jersey, Crew neck"
Levi's®,PRIDE RELAXED GRAPHIC TANK UNISEX - Top,10.79,"100% cotton, Jersey, Crew neck"
Anna Field,Long sleeved top,10.99,"95% cotton, 5% elastane, Jersey, Boat neck"
Cotton On,CARA GRAPHIC CROP - Print T-shirt,14.99,"60% cotton, 40% polyester, Jersey, Crew neck"
Zign,Print T-shirt,14.99,"100% viscose, Jersey, Scoop neck"
Anna Field Curvy,Print T-shirt,14.99,"95% viscose, 5% elastane, 90% polyamide, 10% elastane, Do not tumble dry, machine wash at 30°C, Machine wash on gentle cycle"
Morgan,BEATRI - Top,13.99,"95% viscose, 5% elastane, Jersey, Scoop neck"
JDY,JDYSHANDIE LIFE 2 PACK - Top,21.99,"95% cotton, 5% elastane, Rib, Scoop neck"
Esprit Collection,Basic T-shirt,28.99,"100% lyocell, Jersey, Low-cut v-neck"
Ted Baker,LYLIE - Print T-shirt,43.99,"100% lyocell, Hand wash only, Floral"
Anna Field,3 PACK - Basic T-shirt,19.99,"95% cotton, 5% elastane, Jersey, Scoop neck"
Tommy Jeans,SHORTSLEEVE STRETCH TEE - Basic T-shirt,29.99,"95% cotton, 5% elastane, Jersey, Low-cut v-neck"
Calvin Klein Jeans Plus,PLUS LARGE TUNIC TEE - Print T-shirt,44.99,"100% cotton, Jersey, Crew neck"
JDY,JDYDODO - Top,12.99,"65% polyester, 35% viscose, 100% cotton, Do not tumble dry, machine wash at 30°C, Machine wash on gentle cycle, Colour may run - please wash separately"
Anna Field,3 PACK - Top,15.99,"95% cotton, 5% elastane, Jersey, Scoop neck"
Even&Odd,Print T-shirt,12.99,"100% cotton, Jersey, Crew neck"
ONLY,ONLNOVA LIFE - Blouse,14.99,"100% viscose, Do not tumble dry, machine wash at 30°C, Machine wash on gentle cycle, Plain"
Even&Odd,Long sleeved top,7.19,"90% cotton, 5% elastane, 5% viscose, Rib, Crew neck"
edc by Esprit,Long sleeved top,13.49,"95% cotton, 5% elastane, Jersey, Boat neck"
Esprit,TEE - Print T-shirt,14.99,"100% cotton, Jersey, Crew neck"
Pepe Jeans,NEW VIRGINIA  - Long sleeved top,26.99,"93% cotton, 7% elastane, Jersey, Crew neck"
Lauren Ralph Lauren,Long sleeved top,59.99,"95% viscose, 5% elastane, Jersey, Cache-coeur"
Even&Odd,BASIC - Long sleeved top,9.99,"95% cotton, 5% elastane, Jersey, Off-the-shoulder"
Vila,Top,24.99,"55% polyester, 45% viscose, Do not tumble dry, machine wash at 30°C, Machine wash on gentle cycle, Semi-sheer"
Polo Ralph Lauren,Print T-shirt,74.99,"100% cotton, Jersey, Crew neck"
Esprit Collection,BLOCK TEE - Print T-shirt,30.99,"100% viscose, 100% viscose, Do not tumble dry, machine wash at 30°C, Machine wash on gentle cycle"
NU-IN,NU-IN X AMALIE STAR CROPPED BABY FIT - Basic T-shirt,17.99,"64% lyocell, 32% cotton, 4% elastane, Jersey, Crew neck"
Anna Field,Print T-shirt,10.99,"100% cotton, Jersey, Crew neck"
Anna Field,Basic T-shirt,15.99,"95% cotton, 5% elastane, Jersey, Cache-coeur"
Polo Ralph Lauren,Long sleeved top,69.99,"100% cotton, Jersey, Crew neck"
Zign,Top,6.59,"50% polyester, 50% cotton, Jersey, Crew neck"
Culture,KAJSA - Basic T-shirt,29.99,"70% modal, 30% polyester, Jersey, Crew neck"
Calvin Klein Jeans,CENSORED TEE - Print T-shirt,29.99,"100% cotton, Jersey, Crew neck"
Object,OBJEILEEN VNECK - Blouse,34.99,"60% viscose, 40% polyester, Do not tumble dry, machine wash at 30°C, Machine wash on gentle cycle, Plain"
Anna Field,2 PACK - Top,10.39,"95% cotton, 5% elastane, Jersey, Low-cut v-neck"
Zign,Top,10.99,"95% cotton, 5% elastane, Rib, V-neck"
InWear,VINCENT KARMEN - Basic T-shirt,39.99,"53% polyester, 43% modal, 4% elastane, Sweat, Crew neck"
-,-,-,-
Tommy Hilfiger,CREW NECK GRAPHIC TEE - Print T-shirt,23.99,"100% cotton, Jersey, Crew neck"
YOURTURN,UNISEX - Basic T-shirt,5.39,"100% cotton, Jersey, Crew neck"
VILA PETITE,VIMESA - Print T-shirt,25.99,"100% viscose, Do not tumble dry, machine wash at 30°C, Machine wash on gentle cycle, Button"
Calvin Klein Jeans,MICRO BRANDING STRETCH MOCK NECK - Print T-shirt,23.99,"95% cotton, 5% elastane, Jersey, Standing collar"
adidas Originals,STRIPE UNISEX - Print T-shirt,23.19,"100% cotton, Jersey, Crew neck"
Weekday,NOVELLA SINGLET - Top,9.09,"87% viscose, 13% elastane, Rib, Low-cut v-neck"
Lauren Ralph Lauren,ATHLEISURE  - Polo shirt,59.99,"97% cotton, 3% elastane, Piqué, Polo shirt"
Anna Field,Long sleeved top,17.99,"96% cotton, 4% elastane, Jersey, Boat neck"
Anna Field,Basic T-shirt,10.99,"95% cotton, 5% elastane, Jersey, Crew neck"
Anna Field,Long sleeved top,10.99,"95% cotton, 5% elastane, Jersey, Boat neck"
Cotton On,CARA GRAPHIC CROP - Print T-shirt,14.99,"60% cotton, 40% polyester, Jersey, Crew neck"
Zign,Print T-shirt,14.99,"100% viscose, Jersey, Scoop neck"
Anna Field Curvy,Print T-shirt,14.99,"95% viscose, 5% elastane, 90% polyamide, 10% elastane, Do not tumble dry, machine wash at 30°C, Machine wash on gentle cycle"
Morgan,BEATRI - Top,13.99,"95% viscose, 5% elastane, Jersey, Scoop neck"
JDY,JDYSHANDIE LIFE 2 PACK - Top,21.99,"95% cotton, 5% elastane, Rib, Scoop neck"
Esprit Collection,Basic T-shirt,28.99,"100% lyocell, Jersey, Low-cut v-neck"
Ted Baker,LYLIE - Print T-shirt,43.99,"100% lyocell, Hand wash only, Floral"
Anna Field,3 PACK - Basic T-shirt,19.99,"95% cotton, 5% elastane, Jersey, Scoop neck"
Tommy Jeans,SHORTSLEEVE STRETCH TEE - Basic T-shirt,29.99,"95% cotton, 5% elastane, Jersey, Low-cut v-neck"
Calvin Klein Jeans Plus,PLUS LARGE TUNIC TEE - Print T-shirt,44.99,"100% cotton, Jersey, Crew neck"
Abercrombie & Fitch,CHASE TRIM COWL CAMI  - Top,28.99,"100% polyester, 100% nylon, Cowl neck"
JDY,JDYDODO - Top,12.99,"65% polyester, 35% viscose, 100% cotton, Do not tumble dry, machine wash at 30°C, Machine wash on gentle cycle, Colour may run - please wash separately"
NU-IN,OFF SHOULDER HEART NECK - Long sleeved top,15.39,"60% lyocell, 40% cotton, Rib, Low-cut v-neck"
Anna Field,3 PACK - Top,15.99,"95% cotton, 5% elastane, Jersey, Scoop neck"
Even&Odd,Print T-shirt,12.99,"100% cotton, Jersey, Crew neck"
ONLY,ONLNOVA LIFE - Blouse,14.99,"100% viscose, Do not tumble dry, machine wash at 30°C, Machine wash on gentle cycle, Plain"
Even&Odd,Long sleeved top,7.19,"90% cotton, 5% elastane, 5% viscose, Rib, Crew neck"
edc by Esprit,Long sleeved top,13.49,"95% cotton, 5% elastane, Jersey, Boat neck"
Esprit,TEE - Print T-shirt,14.99,"100% cotton, Jersey, Crew neck"
Pepe Jeans,NEW VIRGINIA  - Long sleeved top,26.99,"93% cotton, 7% elastane, Jersey, Crew neck"
Anna Field MAMA,NURSING 2 PACK - Top - Top,14.39,"95% cotton, 5% elastane, Jersey, Scoop neck"
Lauren Ralph Lauren,Long sleeved top,59.99,"95% viscose, 5% elastane, Jersey, Cache-coeur"
Even&Odd,BASIC - Long sleeved top,9.99,"95% cotton, 5% elastane, Jersey, Off-the-shoulder"
Vila,Top,24.99,"55% polyester, 45% viscose, Do not tumble dry, machine wash at 30°C, Machine wash on gentle cycle, Semi-sheer"
Polo Ralph Lauren,Print T-shirt,74.99,"100% cotton, Jersey, Crew neck"
Abercrombie & Fitch,PLEATED WIDE STRAP BUTTON THRU - Top,34.99,"55% linen, 45% viscose, 100% viscose, Low-cut v-neck"
Gestuz,MALBA - Top,29.99,"72% lyocell, 24% polyamide, 4% elastane, Jersey, Crew neck"
NU-IN,ASYMMETRIC - Top,12.59,"97% cotton, 3% elastane, Rib, Plain"
Kaffe,AMBER JAS BLOUSE - Blouse,34.99,"100% viscose, Do not tumble dry, machine wash at 30°C, Machine wash on gentle cycle, Print"
Vero Moda,VMRACHEL - Top,21.99,"70% cotton, 30% polyester, Knit, Scoop neck"
Even&Odd,Print T-shirt,12.99,"100% cotton, Jersey, Crew neck"
Tommy Hilfiger,REGULAR BOX TEE - Print T-shirt,rom £26.99,"100% cotton, Jersey, Crew neck"
ONLY,ONLAYA BOATNECK - Long sleeved top,14.99,"47% cotton, 47% modal, 6% elastane, Jersey, Boat neck"
Calvin Klein Jeans,IRIDESCENT METALLIC LOGO TEE - Print T-shirt,39.99,"100% cotton, Jersey, Crew neck"
InWear,ALMA - Print T-shirt - ash grey,34.99,"60% cotton, 40% modal, Jersey, Crew neck"
